EnchantmentKeyword,ItemKeyword,Modifier,Priority,FromPerk
MagicEnchFortifyAlchemy,EarthBonesJewelrySolar,1.090000,1,IJGeomanticArmorEnchanting
MagicEnchFortifyAlchemy,EarthBonesJewelryMercurial,1.080000,2,IJGeomanticArmorEnchanting
MagicEnchFortifyAlchemy,ArmorMaterialElvenGilded,1.080000,2,IJGeomanticArmorEnchanting
MagicEnchFortifyAlchemy,EarthBonesGemWater,1.080000,3,IJGeomanticArmorEnchanting
MagicEnchFortifyAlteration,EarthBonesJewelrySaturnian,0.180000,4,IJGeomanticArmorEnchanting
MagicEnchFortifyAlteration,ArmorMaterialOrcish,0.180000,4,IJGeomanticArmorEnchanting
MagicEnchFortifyAlchemy,EarthBonesJewelryVenutianGreater,1.050000,5,IJGeomanticArmorEnchanting
MagicEnchFortifyAlchemy,EarthBonesGemVenutian,1.050000,5,IJGeomanticArmorEnchanting
MagicEnchFortifyAlchemy,ArmorMaterialGlass,1.050000,5,IJGeomanticArmorEnchanting
MagicEnchFortifyAlchemy,EarthBonesGemSpirit,1.050000,5,IJGeomanticArmorEnchanting
MagicEnchFortifyAlteration,EarthBonesJewelryLunar,1.200000,6,IJGeomanticArmorEnchanting
MagicEnchFortifyAlteration,EarthBonesJewelryVenutianGreater,1.120000,7,IJGeomanticArmorEnchanting
MagicEnchFortifyAlteration,ArmorMaterialElven,1.120000,7,IJGeomanticArmorEnchanting
MagicEnchFortifyAlteration,ArmorMaterialElvenGilded,1.120000,7,IJGeomanticArmorEnchanting
MagicEnchFortifyAlteration,EarthBonesJewelryMercurial,1.120000,7,IJGeomanticArmorEnchanting
MagicEnchFortifyAlteration,EarthBonesGemWater,1.160000,8,IJGeomanticArmorEnchanting
MagicEnchFortifyAlteration,EarthBonesGemWaterLesser,1.120000,9,IJGeomanticArmorEnchanting
MagicEnchFortifyAlteration,EarthBonesJewelrySpirit,1.080000,10,IJGeomanticArmorEnchanting
MagicEnchFortifyAlteration,EarthBonesGemSpirit,1.200000,11,IJGeomanticArmorEnchanting
MagicEnchFortifyAlteration,ArmorMaterialDragonplate,1.200000,11,IJGeomanticArmorEnchanting
MagicEnchFortifyAlteration,ArmorMaterialDragonscale,1.200000,11,IJGeomanticArmorEnchanting
MagicEnchFortifyAlteration,EarthBonesGemEarth,1.160000,12,IJGeomanticArmorEnchanting
MagicEnchFortifyAlteration,EarthBonesGemLunar,1.180000,13,IJGeomanticArmorEnchanting
MagicEnchFortifyMarksman,EarthBonesGemAir,1.200000,14,IJGeomanticArmorEnchanting
MagicEnchFortifyMarksman,EarthBonesJewelrySolar,1.150000,15,IJGeomanticArmorEnchanting
MagicEnchFortifyMarksman,EarthBonesJewelrySolarLesser,1.030000,16,IJGeomanticArmorEnchanting
MagicEnchFortifyMarksman,EarthBonesJewelryLunar,1.130000,17,IJGeomanticArmorEnchanting
MagicEnchFortifyMarksman,EarthBonesJewelrySaturnian,0.620000,18,IJGeomanticArmorEnchanting
MagicEnchFortifyMarksman,EarthBonesGemEarth,0.620000,18,IJGeomanticArmorEnchanting
MagicEnchFortifyMarksman,EarthBonesJewelryMartialGreater,1.120000,19,IJGeomanticArmorEnchanting
MagicEnchFortifyMarksman,ArmorMaterialEbony,1.120000,19,IJGeomanticArmorEnchanting
MagicEnchFortifyBlock,EarthBonesJewelryMartialGreater,1.120000,19,IJGeomanticArmorEnchanting
MagicEnchFortifyBlock,ArmorMaterialEbony,1.120000,19,IJGeomanticArmorEnchanting
MagicEnchFortifyDestruction,EarthBonesJewelryMartialGreater,1.120000,19,IJGeomanticArmorEnchanting
MagicEnchFortifyDestruction,ArmorMaterialEbony,1.120000,19,IJGeomanticArmorEnchanting
MagicEnchFortifyHeavyArmor,EarthBonesJewelryMartialGreater,1.120000,19,IJGeomanticArmorEnchanting
MagicEnchFortifyHeavyArmor,ArmorMaterialEbony,1.120000,19,IJGeomanticArmorEnchanting
MagicEnchFortifyLightArmor,EarthBonesJewelryMartialGreater,1.120000,19,IJGeomanticArmorEnchanting
MagicEnchFortifyLightArmor,ArmorMaterialEbony,1.120000,19,IJGeomanticArmorEnchanting
MagicEnchFortifyOneHanded,EarthBonesJewelryMartialGreater,1.120000,19,IJGeomanticArmorEnchanting
MagicEnchFortifyOneHanded,ArmorMaterialEbony,1.120000,19,IJGeomanticArmorEnchanting
MagicEnchFortifyTwoHanded,EarthBonesJewelryMartialGreater,1.120000,19,IJGeomanticArmorEnchanting
MagicEnchFortifyTwoHanded,ArmorMaterialEbony,1.120000,19,IJGeomanticArmorEnchanting
MagicEnchResistFire,EarthBonesJewelryMartialGreater,1.120000,19,IJGeomanticArmorEnchanting
MagicEnchResistFire,ArmorMaterialEbony,1.120000,19,IJGeomanticArmorEnchanting
MagicEnchResistFrost,EarthBonesJewelryMartialGreater,1.120000,19,IJGeomanticArmorEnchanting
MagicEnchResistFrost,ArmorMaterialEbony,1.120000,19,IJGeomanticArmorEnchanting
MagicEnchResistMagic,EarthBonesJewelryMartialGreater,1.120000,19,IJGeomanticArmorEnchanting
MagicEnchResistMagic,ArmorMaterialEbony,1.120000,19,IJGeomanticArmorEnchanting
MagicEnchResistShock,EarthBonesJewelryMartialGreater,1.120000,19,IJGeomanticArmorEnchanting
MagicEnchResistShock,ArmorMaterialEbony,1.120000,19,IJGeomanticArmorEnchanting
MagicEnchResistDisease,EarthBonesJewelryMartialGreater,1.120000,19,IJGeomanticArmorEnchanting
MagicEnchResistDisease,ArmorMaterialEbony,1.120000,19,IJGeomanticArmorEnchanting
MagicEnchFortifyMarksman,EarthBonesGemWaterLesser,0.820000,20,IJGeomanticArmorEnchanting
MagicEnchFortifyMarksman,EarthBonesGemWater,0.820000,20,IJGeomanticArmorEnchanting
MagicEnchFortifyMarksman,EarthBonesGemFire,1.050000,21,IJGeomanticArmorEnchanting
MagicEnchFortifyMarksman,EarthBonesGemSolar,1.120000,22,IJGeomanticArmorEnchanting
MagicEnchFortifyMarksman,EarthBonesGemLunar,1.090000,23,IJGeomanticArmorEnchanting
MagicEnchFortifyTwoHanded,EarthBonesGemMartial,1.080000,24,IJGeomanticArmorEnchanting
MagicEnchFortifyTwoHanded,EarthBonesJewelryMartial,1.080000,24,IJGeomanticArmorEnchanting
MagicEnchFortifyTwoHanded,ArmorMaterialImperialHeavy,1.080000,24,IJGeomanticArmorEnchanting
MagicEnchFortifyTwoHanded,ArmorMaterialBlades,1.080000,24,IJGeomanticArmorEnchanting
MagicEnchFortifyTwoHanded,ArmorMaterialIron,1.080000,24,IJGeomanticArmorEnchanting
MagicEnchFortifyTwoHanded,ArmorMaterialIronBanded,1.080000,24,IJGeomanticArmorEnchanting
MagicEnchFortifyTwoHanded,ArmorMaterialSteel,1.080000,24,IJGeomanticArmorEnchanting
MagicEnchFortifyTwoHanded,ArmorMaterialSteelPlate,1.080000,24,IJGeomanticArmorEnchanting
MagicEnchFortifyOneHanded,EarthBonesGemMartial,1.080000,24,IJGeomanticArmorEnchanting
MagicEnchFortifyOneHanded,EarthBonesJewelryMartial,1.080000,24,IJGeomanticArmorEnchanting
MagicEnchFortifyOneHanded,ArmorMaterialImperialHeavy,1.080000,24,IJGeomanticArmorEnchanting
MagicEnchFortifyOneHanded,ArmorMaterialBlades,1.080000,24,IJGeomanticArmorEnchanting
MagicEnchFortifyOneHanded,ArmorMaterialIron,1.080000,24,IJGeomanticArmorEnchanting
MagicEnchFortifyOneHanded,ArmorMaterialIronBanded,1.080000,24,IJGeomanticArmorEnchanting
MagicEnchFortifyOneHanded,ArmorMaterialSteel,1.080000,24,IJGeomanticArmorEnchanting
MagicEnchFortifyOneHanded,ArmorMaterialSteelPlate,1.080000,24,IJGeomanticArmorEnchanting
MagicEnchFortifyMarksman,EarthBonesGemMartial,1.080000,24,IJGeomanticArmorEnchanting
MagicEnchFortifyMarksman,EarthBonesJewelryMartial,1.080000,24,IJGeomanticArmorEnchanting
MagicEnchFortifyMarksman,ArmorMaterialImperialHeavy,1.080000,24,IJGeomanticArmorEnchanting
MagicEnchFortifyMarksman,ArmorMaterialBlades,1.080000,24,IJGeomanticArmorEnchanting
MagicEnchFortifyMarksman,ArmorMaterialIron,1.080000,24,IJGeomanticArmorEnchanting
MagicEnchFortifyMarksman,ArmorMaterialIronBanded,1.080000,24,IJGeomanticArmorEnchanting
MagicEnchFortifyMarksman,ArmorMaterialSteel,1.080000,24,IJGeomanticArmorEnchanting
MagicEnchFortifyMarksman,ArmorMaterialSteelPlate,1.080000,24,IJGeomanticArmorEnchanting
MagicEnchFortifyDestruction,EarthBonesGemMartial,1.080000,24,IJGeomanticArmorEnchanting
MagicEnchFortifyDestruction,EarthBonesJewelryMartial,1.080000,24,IJGeomanticArmorEnchanting
MagicEnchFortifyDestruction,ArmorMaterialImperialHeavy,1.080000,24,IJGeomanticArmorEnchanting
MagicEnchFortifyDestruction,ArmorMaterialBlades,1.080000,24,IJGeomanticArmorEnchanting
MagicEnchFortifyDestruction,ArmorMaterialIron,1.080000,24,IJGeomanticArmorEnchanting
MagicEnchFortifyDestruction,ArmorMaterialIronBanded,1.080000,24,IJGeomanticArmorEnchanting
MagicEnchFortifyDestruction,ArmorMaterialSteel,1.080000,24,IJGeomanticArmorEnchanting
MagicEnchFortifyDestruction,ArmorMaterialSteelPlate,1.080000,24,IJGeomanticArmorEnchanting
MagicEnchFortifyLightArmor,EarthBonesGemMartial,1.080000,24,IJGeomanticArmorEnchanting
MagicEnchFortifyLightArmor,EarthBonesJewelryMartial,1.080000,24,IJGeomanticArmorEnchanting
MagicEnchFortifyLightArmor,ArmorMaterialImperialHeavy,1.080000,24,IJGeomanticArmorEnchanting
MagicEnchFortifyLightArmor,ArmorMaterialBlades,1.080000,24,IJGeomanticArmorEnchanting
MagicEnchFortifyLightArmor,ArmorMaterialIron,1.080000,24,IJGeomanticArmorEnchanting
MagicEnchFortifyLightArmor,ArmorMaterialIronBanded,1.080000,24,IJGeomanticArmorEnchanting
MagicEnchFortifyLightArmor,ArmorMaterialSteel,1.080000,24,IJGeomanticArmorEnchanting
MagicEnchFortifyLightArmor,ArmorMaterialSteelPlate,1.080000,24,IJGeomanticArmorEnchanting
MagicEnchFortifyHeavyArmor,EarthBonesGemMartial,1.080000,24,IJGeomanticArmorEnchanting
MagicEnchFortifyHeavyArmor,EarthBonesJewelryMartial,1.080000,24,IJGeomanticArmorEnchanting
MagicEnchFortifyHeavyArmor,ArmorMaterialImperialHeavy,1.080000,24,IJGeomanticArmorEnchanting
MagicEnchFortifyHeavyArmor,ArmorMaterialBlades,1.080000,24,IJGeomanticArmorEnchanting
MagicEnchFortifyHeavyArmor,ArmorMaterialIron,1.080000,24,IJGeomanticArmorEnchanting
MagicEnchFortifyHeavyArmor,ArmorMaterialIronBanded,1.080000,24,IJGeomanticArmorEnchanting
MagicEnchFortifyHeavyArmor,ArmorMaterialSteel,1.080000,24,IJGeomanticArmorEnchanting
MagicEnchFortifyHeavyArmor,ArmorMaterialSteelPlate,1.080000,24,IJGeomanticArmorEnchanting
MagicEnchFortifyBlock,EarthBonesGemMartial,1.080000,24,IJGeomanticArmorEnchanting
MagicEnchFortifyBlock,EarthBonesJewelryMartial,1.080000,24,IJGeomanticArmorEnchanting
MagicEnchFortifyBlock,ArmorMaterialImperialHeavy,1.080000,24,IJGeomanticArmorEnchanting
MagicEnchFortifyBlock,ArmorMaterialBlades,1.080000,24,IJGeomanticArmorEnchanting
MagicEnchFortifyBlock,ArmorMaterialIron,1.080000,24,IJGeomanticArmorEnchanting
MagicEnchFortifyBlock,ArmorMaterialIronBanded,1.080000,24,IJGeomanticArmorEnchanting
MagicEnchFortifyBlock,ArmorMaterialSteel,1.080000,24,IJGeomanticArmorEnchanting
MagicEnchFortifyBlock,ArmorMaterialSteelPlate,1.080000,24,IJGeomanticArmorEnchanting
MagicEnchResistDisease,EarthBonesGemMartial,1.080000,24,IJGeomanticArmorEnchanting
MagicEnchResistDisease,EarthBonesJewelryMartial,1.080000,24,IJGeomanticArmorEnchanting
MagicEnchResistDisease,ArmorMaterialImperialHeavy,1.080000,24,IJGeomanticArmorEnchanting
MagicEnchResistDisease,ArmorMaterialBlades,1.080000,24,IJGeomanticArmorEnchanting
MagicEnchResistDisease,ArmorMaterialIron,1.080000,24,IJGeomanticArmorEnchanting
MagicEnchResistDisease,ArmorMaterialIronBanded,1.080000,24,IJGeomanticArmorEnchanting
MagicEnchResistDisease,ArmorMaterialSteel,1.080000,24,IJGeomanticArmorEnchanting
MagicEnchResistDisease,ArmorMaterialSteelPlate,1.080000,24,IJGeomanticArmorEnchanting
MagicEnchResistFire,EarthBonesGemMartial,1.080000,24,IJGeomanticArmorEnchanting
MagicEnchResistFire,EarthBonesJewelryMartial,1.080000,24,IJGeomanticArmorEnchanting
MagicEnchResistFire,ArmorMaterialImperialHeavy,1.080000,24,IJGeomanticArmorEnchanting
MagicEnchResistFire,ArmorMaterialBlades,1.080000,24,IJGeomanticArmorEnchanting
MagicEnchResistFire,ArmorMaterialIron,1.080000,24,IJGeomanticArmorEnchanting
MagicEnchResistFire,ArmorMaterialIronBanded,1.080000,24,IJGeomanticArmorEnchanting
MagicEnchResistFire,ArmorMaterialSteel,1.080000,24,IJGeomanticArmorEnchanting
MagicEnchResistFire,ArmorMaterialSteelPlate,1.080000,24,IJGeomanticArmorEnchanting
MagicEnchResistMagic,EarthBonesGemMartial,1.080000,24,IJGeomanticArmorEnchanting
MagicEnchResistMagic,EarthBonesJewelryMartial,1.080000,24,IJGeomanticArmorEnchanting
MagicEnchResistMagic,ArmorMaterialImperialHeavy,1.080000,24,IJGeomanticArmorEnchanting
MagicEnchResistMagic,ArmorMaterialBlades,1.080000,24,IJGeomanticArmorEnchanting
MagicEnchResistMagic,ArmorMaterialIron,1.080000,24,IJGeomanticArmorEnchanting
MagicEnchResistMagic,ArmorMaterialIronBanded,1.080000,24,IJGeomanticArmorEnchanting
MagicEnchResistMagic,ArmorMaterialSteel,1.080000,24,IJGeomanticArmorEnchanting
MagicEnchResistMagic,ArmorMaterialSteelPlate,1.080000,24,IJGeomanticArmorEnchanting
MagicEnchResistFrost,EarthBonesGemMartial,1.080000,24,IJGeomanticArmorEnchanting
MagicEnchResistFrost,EarthBonesJewelryMartial,1.080000,24,IJGeomanticArmorEnchanting
MagicEnchResistFrost,ArmorMaterialImperialHeavy,1.080000,24,IJGeomanticArmorEnchanting
MagicEnchResistFrost,ArmorMaterialBlades,1.080000,24,IJGeomanticArmorEnchanting
MagicEnchResistFrost,ArmorMaterialIron,1.080000,24,IJGeomanticArmorEnchanting
MagicEnchResistFrost,ArmorMaterialIronBanded,1.080000,24,IJGeomanticArmorEnchanting
MagicEnchResistFrost,ArmorMaterialSteel,1.080000,24,IJGeomanticArmorEnchanting
MagicEnchResistFrost,ArmorMaterialSteelPlate,1.080000,24,IJGeomanticArmorEnchanting
MagicEnchResistShock,EarthBonesGemMartial,1.080000,24,IJGeomanticArmorEnchanting
MagicEnchResistShock,EarthBonesJewelryMartial,1.080000,24,IJGeomanticArmorEnchanting
MagicEnchResistShock,ArmorMaterialImperialHeavy,1.080000,24,IJGeomanticArmorEnchanting
MagicEnchResistShock,ArmorMaterialBlades,1.080000,24,IJGeomanticArmorEnchanting
MagicEnchResistShock,ArmorMaterialIron,1.080000,24,IJGeomanticArmorEnchanting
MagicEnchResistShock,ArmorMaterialIronBanded,1.080000,24,IJGeomanticArmorEnchanting
MagicEnchResistShock,ArmorMaterialSteel,1.080000,24,IJGeomanticArmorEnchanting
MagicEnchResistShock,ArmorMaterialSteelPlate,1.080000,24,IJGeomanticArmorEnchanting
MagicEnchFortifySpeechcraft,EarthBonesGemEarth,1.200000,25,IJGeomanticArmorEnchanting
MagicEnchFortifySpeechcraft,EarthBonesJewelrySolar,1.150000,26,IJGeomanticArmorEnchanting
MagicEnchFortifySpeechcraft,EarthBonesJewelryVenutian,1.080000,27,IJGeomanticArmorEnchanting
MagicEnchFortifySpeechcraft,EarthBonesJewelryJovial,1.080000,27,IJGeomanticArmorEnchanting
MagicEnchFortifySpeechcraft,ArmorMaterialDwarven,1.080000,27,IJGeomanticArmorEnchanting
MagicEnchFortifySpeechcraft,ArmorMaterialElven,1.080000,27,IJGeomanticArmorEnchanting
MagicEnchFortifySpeechcraft,EarthBonesJewelryMercurial,1.120000,28,IJGeomanticArmorEnchanting
MagicEnchFortifySpeechcraft,EarthBonesJewelryLunar,1.100000,29,IJGeomanticArmorEnchanting
MagicEnchFortifySpeechcraft,EarthBonesGemWater,1.050000,30,IJGeomanticArmorEnchanting
MagicEnchFortifySpeechcraft,EarthBonesGemSolar,1.150000,31,IJGeomanticArmorEnchanting
MagicEnchFortifySpeechcraft,EarthBonesGemWaterLesser,1.040000,32,IJGeomanticArmorEnchanting
MagicEnchFortifySpeechcraft,EarthBonesJewelryMartialGreater,0.600000,33,IJGeomanticArmorEnchanting
MagicEnchFortifySpeechcraft,EarthBonesJewelrySaturnian,0.600000,33,IJGeomanticArmorEnchanting
MagicEnchFortifySpeechcraft,ArmorMaterialEbony,0.600000,33,IJGeomanticArmorEnchanting
MagicEnchFortifySpeechcraft,ArmorMaterialOrcish,0.600000,33,IJGeomanticArmorEnchanting
MagicEnchFortifySpeechcraft,ArmorMaterialBlades,0.600000,33,IJGeomanticArmorEnchanting
MagicEnchFortifySpeechcraft,ArmorMaterialImperialHeavy,0.600000,33,IJGeomanticArmorEnchanting
MagicEnchFortifySpeechcraft,ArmorMaterialIron,0.600000,33,IJGeomanticArmorEnchanting
MagicEnchFortifySpeechcraft,ArmorMaterialIronBanded,0.600000,33,IJGeomanticArmorEnchanting
MagicEnchFortifySpeechcraft,ArmorMaterialSteel,0.600000,33,IJGeomanticArmorEnchanting
MagicEnchFortifySpeechcraft,ArmorMaterialSteelPlate,0.600000,33,IJGeomanticArmorEnchanting
MagicEnchFortifySpeechcraft,EarthBonesGemMartial,0.500000,34,IJGeomanticArmorEnchanting
MagicEnchFortifySpeechcraft,EarthBonesGemVenutian,1.250000,35,IJGeomanticArmorEnchanting
MagicEnchFortifySpeechcraft,EarthBonesJewelryVenutianGreater,1.200000,36,IJGeomanticArmorEnchanting
MagicEnchFortifySpeechcraft,ArmorMaterialGlass,1.200000,36,IJGeomanticArmorEnchanting
MagicEnchFortifySpeechcraft,ArmorMaterialElvenGilded,1.200000,36,IJGeomanticArmorEnchanting
MagicEnchFortifySpeechcraft,EarthBonesJewelrySolarLesser,1.050000,37,IJGeomanticArmorEnchanting
MagicEnchFortifyBlock,EarthBonesGemEarth,1.200000,38,IJGeomanticArmorEnchanting
MagicEnchFortifyBlock,EarthBonesGemSpirit,1.250000,39,IJGeomanticArmorEnchanting
MagicEnchFortifyBlock,ArmorMaterialDragonplate,1.250000,39,IJGeomanticArmorEnchanting
MagicEnchFortifyBlock,ArmorMaterialDragonscale,1.250000,39,IJGeomanticArmorEnchanting
MagicEnchFortifyBlock,ArmorMaterialOrcish,1.150000,40,IJGeomanticArmorEnchanting
MagicEnchFortifyBlock,EarthBonesJewelrySaturnian,1.150000,40,IJGeomanticArmorEnchanting
MagicEnchFortifyBlock,EarthBonesGemAir,0.700000,41,IJGeomanticArmorEnchanting
MagicEnchFortifyBlock,EarthBonesGemWater,0.450000,42,IJGeomanticArmorEnchanting
MagicEnchFortifyConjuration,EarthBonesGemSpirit,1.250000,43,IJGeomanticArmorEnchanting
MagicEnchFortifyConjuration,ArmorMaterialDragonplate,1.250000,43,IJGeomanticArmorEnchanting
MagicEnchFortifyConjuration,ArmorMaterialDragonscale,1.250000,43,IJGeomanticArmorEnchanting
MagicEnchFortifyConjuration,EarthBonesJewelrySpirit,1.220000,44,IJGeomanticArmorEnchanting
MagicEnchFortifyConjuration,EarthBonesJewelryLunar,1.160000,45,IJGeomanticArmorEnchanting
MagicEnchFortifyConjuration,EarthBonesJewelryMartial,0.100000,46,IJGeomanticArmorEnchanting
MagicEnchFortifyConjuration,ArmorMaterialOrcish,0.100000,46,IJGeomanticArmorEnchanting
MagicEnchFortifyConjuration,ArmorMaterialIron,0.100000,46,IJGeomanticArmorEnchanting
MagicEnchFortifyConjuration,ArmorMaterialIronBanded,0.100000,46,IJGeomanticArmorEnchanting
MagicEnchFortifyConjuration,ArmorMaterialSteel,0.100000,46,IJGeomanticArmorEnchanting
MagicEnchFortifyConjuration,ArmorMaterialSteelPlate,0.100000,46,IJGeomanticArmorEnchanting
MagicEnchFortifyConjuration,ArmorMaterialImperialHeavy,0.100000,46,IJGeomanticArmorEnchanting
MagicEnchFortifyConjuration,ArmorMaterialBlades,0.100000,46,IJGeomanticArmorEnchanting
MagicEnchFortifyConjuration,EarthBonesJewelrySaturnian,0.100000,46,IJGeomanticArmorEnchanting
MagicEnchFortifyConjuration,ArmorMaterialElvenGilded,1.150000,47,IJGeomanticArmorEnchanting
MagicEnchFortifyConjuration,ArmorMaterialEbony,1.150000,47,IJGeomanticArmorEnchanting
MagicEnchFortifyConjuration,EarthBonesGemLunar,1.150000,47,IJGeomanticArmorEnchanting
MagicEnchFortifyConjuration,EarthBonesJewelryMartialGreater,1.150000,47,IJGeomanticArmorEnchanting
MagicEnchFortifyConjuration,ArmorMaterialElven,1.050000,48,IJGeomanticArmorEnchanting
MagicEnchFortifyConjuration,EarthBonesJewelryMercurial,1.050000,48,IJGeomanticArmorEnchanting
MagicEnchFortifyConjuration,EarthBonesGemEarth,0.550000,49,IJGeomanticArmorEnchanting
MagicEnchFortifyConjuration,EarthBonesGemMartial,1.200000,50,IJGeomanticArmorEnchanting
MagicEnchFortifyDestruction,EarthBonesJewelrySolar,1.200000,51,IJGeomanticArmorEnchanting
MagicEnchFortifyDestruction,EarthBonesJewelryJovial,1.120000,52,IJGeomanticArmorEnchanting
MagicEnchFortifyDestruction,ArmorMaterialDwarven,1.120000,52,IJGeomanticArmorEnchanting
MagicEnchFortifyDestruction,EarthBonesGemFire,1.160000,53,IJGeomanticArmorEnchanting
MagicEnchFortifyDestruction,EarthBonesGemAir,1.160000,53,IJGeomanticArmorEnchanting
MagicEnchFortifyDestruction,EarthBonesGemFireLesser,1.120000,54,IJGeomanticArmorEnchanting
MagicEnchFortifyDestruction,EarthBonesGemSolar,1.150000,55,IJGeomanticArmorEnchanting
MagicEnchFortifyDestruction,EarthBonesJewelrySolarLesser,1.050000,56,IJGeomanticArmorEnchanting
MagicEnchFortifyDestruction,EarthBonesGemWaterLesser,0.680000,57,IJGeomanticArmorEnchanting
MagicEnchFortifyDestruction,EarthBonesJewelryLunar,0.900000,58,IJGeomanticArmorEnchanting
MagicEnchFortifyDestruction,ArmorMaterialElven,0.780000,59,IJGeomanticArmorEnchanting
MagicEnchFortifyDestruction,EarthBonesGemLunar,0.780000,59,IJGeomanticArmorEnchanting
MagicEnchFortifyHeavyArmor,EarthBonesGemEarth,1.200000,61,IJGeomanticArmorEnchanting
MagicEnchFortifyHeavyArmor,EarthBonesGemFire,1.150000,62,IJGeomanticArmorEnchanting
MagicEnchFortifyHeavyArmor,EarthBonesJewelrySaturnian,1.120000,63,IJGeomanticArmorEnchanting
MagicEnchFortifyHeavyArmor,ArmorMaterialOrcish,1.120000,63,IJGeomanticArmorEnchanting
MagicEnchFortifyHeavyArmor,EarthBonesGemSpirit,1.230000,64,IJGeomanticArmorEnchanting
MagicEnchFortifyHeavyArmor,ArmorMaterialDragonplate,1.230000,64,IJGeomanticArmorEnchanting
MagicEnchFortifyHeavyArmor,ArmorMaterialDragonscale,1.230000,64,IJGeomanticArmorEnchanting
MagicEnchFortifyHeavyArmor,EarthBonesGemFireLesser,1.100000,65,IJGeomanticArmorEnchanting
MagicEnchFortifyHeavyArmor,EarthBonesJewelrySpirit,1.160000,67,IJGeomanticArmorEnchanting
MagicEnchFortifyHeavyArmor,EarthBonesGemAir,0.650000,68,IJGeomanticArmorEnchanting
MagicEnchFortifyHeavyArmor,ArmorMaterialElvenGilded,0.800000,69,IJGeomanticArmorEnchanting
MagicEnchFortifyHeavyArmor,EarthBonesJewelryMercurial,0.800000,69,IJGeomanticArmorEnchanting
MagicEnchFortifyEnchanting,ArmorMaterialOrcish,1.090000,70,IJGeomanticArmorEnchanting
MagicEnchFortifyEnchanting,EarthBonesJewelrySaturnian,1.090000,70,IJGeomanticArmorEnchanting
MagicEnchFortifyEnchanting,ArmorMaterialGlass,1.060000,71,IJGeomanticArmorEnchanting
MagicEnchFortifyEnchanting,EarthBonesJewelryVenutianGreater,1.060000,71,IJGeomanticArmorEnchanting
MagicEnchFortifyEnchanting,EarthBonesGemWater,1.100000,72,IJGeomanticArmorEnchanting
MagicEnchFortifyEnchanting,EarthBonesGemFire,1.100000,72,IJGeomanticArmorEnchanting
MagicEnchFortifyEnchanting,EarthBonesGemVenutian,1.100000,72,IJGeomanticArmorEnchanting
MagicEnchFortifyEnchanting,EarthBonesJewelrySpirit,1.080000,73,IJGeomanticArmorEnchanting
MagicEnchFortifyEnchanting,EarthBonesGemSpirit,1.150000,74,IJGeomanticArmorEnchanting
MagicEnchFortifyEnchanting,ArmorMaterialDragonplate,1.150000,74,IJGeomanticArmorEnchanting
MagicEnchFortifyEnchanting,ArmorMaterialDragonscale,1.150000,74,IJGeomanticArmorEnchanting
MagicEnchFortifyEnchanting,EarthBonesJewelryJovial,1.040000,75,IJGeomanticArmorEnchanting
MagicEnchFortifyEnchanting,ArmorMaterialDwarven,1.040000,75,IJGeomanticArmorEnchanting
MagicEnchFortifyEnchanting,EarthBonesGemEarth,1.060000,76,IJGeomanticArmorEnchanting
MagicEnchFortifyIllusion,EarthBonesJewelryLunar,1.220000,77,IJGeomanticArmorEnchanting
MagicEnchFortifyIllusion,ArmorMaterialElven,1.150000,78,IJGeomanticArmorEnchanting
MagicEnchFortifyIllusion,EarthBonesJewelryVenutian,1.150000,78,IJGeomanticArmorEnchanting
MagicEnchFortifyIllusion,EarthBonesJewelryMercurial,1.200000,79,IJGeomanticArmorEnchanting
MagicEnchFortifyIllusion,EarthBonesJewelryVenutianGreater,1.200000,79,IJGeomanticArmorEnchanting
MagicEnchFortifyIllusion,EarthBonesGemVenutian,1.200000,79,IJGeomanticArmorEnchanting
MagicEnchFortifyIllusion,ArmorMaterialElvenGilded,1.200000,79,IJGeomanticArmorEnchanting
MagicEnchFortifyIllusion,ArmorMaterialGlass,1.200000,79,IJGeomanticArmorEnchanting
MagicEnchFortifyIllusion,EarthBonesGemWater,1.200000,80,IJGeomanticArmorEnchanting
MagicEnchFortifyIllusion,EarthBonesGemLunar,1.120000,82,IJGeomanticArmorEnchanting
MagicEnchFortifyIllusion,ArmorMaterialBlades,0.280000,83,IJGeomanticArmorEnchanting
MagicEnchFortifyIllusion,ArmorMaterialImperialHeavy,0.280000,83,IJGeomanticArmorEnchanting
MagicEnchFortifyIllusion,ArmorMaterialIron,0.280000,83,IJGeomanticArmorEnchanting
MagicEnchFortifyIllusion,ArmorMaterialIronBanded,0.280000,83,IJGeomanticArmorEnchanting
MagicEnchFortifyIllusion,ArmorMaterialSteel,0.280000,83,IJGeomanticArmorEnchanting
MagicEnchFortifyIllusion,ArmorMaterialSteelPlate,0.280000,83,IJGeomanticArmorEnchanting
MagicEnchFortifyIllusion,EarthBonesJewelryMartial,0.280000,83,IJGeomanticArmorEnchanting
MagicEnchFortifyIllusion,EarthBonesJewelrySaturnian,0.420000,84,IJGeomanticArmorEnchanting
MagicEnchFortifyIllusion,ArmorMaterialOrcish,0.420000,84,IJGeomanticArmorEnchanting
MagicEnchFortifyIllusion,EarthBonesGemEarth,0.260000,85,IJGeomanticArmorEnchanting
MagicEnchFortifyIllusion,ArmorMaterialEbony,0.800000,86,IJGeomanticArmorEnchanting
MagicEnchFortifyIllusion,EarthBonesJewelryMartialGreater,0.800000,86,IJGeomanticArmorEnchanting
MagicEnchFortifyIllusion,EarthBonesJewelryJovial,0.670000,87,IJGeomanticArmorEnchanting
MagicEnchFortifyIllusion,ArmorMaterialDwarven,0.670000,87,IJGeomanticArmorEnchanting
MagicEnchFortifyIllusion,EarthBonesGemSolar,0.950000,88,IJGeomanticArmorEnchanting
MagicEnchFortifyIllusion,EarthBonesGemAir,0.880000,89,IJGeomanticArmorEnchanting
MagicEnchFortifyIllusion,EarthBonesGemMartial,1.060000,90,IJGeomanticArmorEnchanting
MagicEnchFortifyLightArmor,EarthBonesGemAir,1.200000,91,IJGeomanticArmorEnchanting
MagicEnchFortifyLightArmor,EarthBonesJewelryVenutianGreater,1.160000,92,IJGeomanticArmorEnchanting
MagicEnchFortifyLightArmor,ArmorMaterialGlass,1.160000,92,IJGeomanticArmorEnchanting
MagicEnchFortifyLightArmor,EarthBonesGemVenutian,1.080000,93,IJGeomanticArmorEnchanting
MagicEnchFortifyIllusion,EarthBonesGemWaterLesser,1.120000,94,IJGeomanticArmorEnchanting
MagicEnchFortifyLightArmor,EarthBonesJewelrySaturnian,0.690000,95,IJGeomanticArmorEnchanting
MagicEnchFortifyLightArmor,ArmorMaterialOrcish,0.690000,95,IJGeomanticArmorEnchanting
MagicEnchFortifyLockpicking,EarthBonesGemAir,1.200000,96,IJGeomanticArmorEnchanting
MagicEnchFortifyLockpicking,EarthBonesJewelryMercurial,1.180000,97,IJGeomanticArmorEnchanting
MagicEnchFortifyLockpicking,EarthBonesJewelryJovial,1.200000,98,IJGeomanticArmorEnchanting
MagicEnchFortifyLockpicking,ArmorMaterialDwarven,1.200000,98,IJGeomanticArmorEnchanting
MagicEnchFortifyLockpicking,EarthBonesGemSolar,1.120000,99,IJGeomanticArmorEnchanting
MagicEnchFortifyLockpicking,EarthBonesGemLunar,1.090000,100,IJGeomanticArmorEnchanting
MagicEnchFortifyLockpicking,ArmorMaterialElven,1.090000,100,IJGeomanticArmorEnchanting
MagicEnchFortifyLockpicking,ArmorMaterialElvenGilded,1.090000,100,IJGeomanticArmorEnchanting
MagicEnchFortifyLockpicking,EarthBonesGemWater,1.140000,101,IJGeomanticArmorEnchanting
MagicEnchFortifyLockpicking,EarthBonesJewelrySolar,1.220000,102,IJGeomanticArmorEnchanting
MagicEnchFortifyLockpicking,EarthBonesGemFireLesser,0.640000,103,IJGeomanticArmorEnchanting
MagicEnchFortifyOneHanded,EarthBonesJewelrySolar,1.150000,104,IJGeomanticArmorEnchanting
MagicEnchFortifyOneHanded,EarthBonesJewelryJovial,1.120000,105,IJGeomanticArmorEnchanting
MagicEnchFortifyOneHanded,ArmorMaterialDwarven,1.120000,105,IJGeomanticArmorEnchanting
MagicEnchFortifyOneHanded,EarthBonesGemAir,1.200000,106,IJGeomanticArmorEnchanting
MagicEnchFortifyOneHanded,EarthBonesGemFire,1.160000,107,IJGeomanticArmorEnchanting
MagicEnchFortifyOneHanded,EarthBonesGemFireLesser,1.100000,108,IJGeomanticArmorEnchanting
MagicEnchFortifyOneHanded,EarthBonesJewelrySolarLesser,1.030000,109,IJGeomanticArmorEnchanting
MagicEnchFortifyPickPocket,ArmorMaterialElvenGilded,1.200000,110,IJGeomanticArmorEnchanting
MagicEnchFortifyPickPocket,EarthBonesJewelryMercurial,1.200000,110,IJGeomanticArmorEnchanting
MagicEnchFortifyPickPocket,EarthBonesJewelryVenutianGreater,1.100000,111,IJGeomanticArmorEnchanting
MagicEnchFortifyPickPocket,ArmorMaterialElven,1.100000,111,IJGeomanticArmorEnchanting
MagicEnchFortifyPickPocket,EarthBonesJewelryMartial,0.850000,112,IJGeomanticArmorEnchanting
MagicEnchFortifyPickPocket,ArmorMaterialIron,0.850000,112,IJGeomanticArmorEnchanting
MagicEnchFortifyPickPocket,ArmorMaterialIronBanded,0.850000,112,IJGeomanticArmorEnchanting
MagicEnchFortifyPickPocket,ArmorMaterialBlades,0.850000,112,IJGeomanticArmorEnchanting
MagicEnchFortifyPickPocket,ArmorMaterialImperialHeavy,0.850000,112,IJGeomanticArmorEnchanting
MagicEnchFortifyPickPocket,ArmorMaterialSteel,0.850000,112,IJGeomanticArmorEnchanting
MagicEnchFortifyPickPocket,ArmorMaterialSteelPlate,0.850000,112,IJGeomanticArmorEnchanting
MagicEnchFortifyPickPocket,EarthBonesGemSolar,0.720000,113,IJGeomanticArmorEnchanting
MagicEnchFortifyPickPocket,EarthBonesGemFireLesser,0.450000,114,IJGeomanticArmorEnchanting
MagicEnchFortifyPickPocket,EarthBonesGemAir,0.580000,115,IJGeomanticArmorEnchanting
MagicEnchFortifyPickPocket,EarthBonesGemWater,1.080000,116,IJGeomanticArmorEnchanting
MagicEnchFortifyRestoration,EarthBonesGemSpirit,1.250000,117,IJGeomanticArmorEnchanting
MagicEnchFortifyRestoration,ArmorMaterialDragonplate,1.250000,117,IJGeomanticArmorEnchanting
MagicEnchFortifyRestoration,ArmorMaterialDragonscale,1.250000,117,IJGeomanticArmorEnchanting
MagicEnchFortifyRestoration,EarthBonesJewelryMercurial,1.200000,118,IJGeomanticArmorEnchanting
MagicEnchFortifyRestoration,ArmorMaterialElvenGilded,1.200000,118,IJGeomanticArmorEnchanting
MagicEnchFortifyRestoration,EarthBonesJewelryJovial,1.180000,119,IJGeomanticArmorEnchanting
MagicEnchFortifyRestoration,EarthBonesJewelrySolar,1.180000,119,IJGeomanticArmorEnchanting
MagicEnchFortifyRestoration,ArmorMaterialDwarven,1.180000,119,IJGeomanticArmorEnchanting
MagicEnchFortifyRestoration,EarthBonesJewelryVenutianGreater,1.080000,120,IJGeomanticArmorEnchanting
MagicEnchFortifyRestoration,EarthBonesJewelryLunar,1.080000,120,IJGeomanticArmorEnchanting
MagicEnchFortifyRestoration,ArmorMaterialElven,1.080000,120,IJGeomanticArmorEnchanting
MagicEnchFortifyRestoration,EarthBonesJewelryMartialGreater,1.050000,121,IJGeomanticArmorEnchanting
MagicEnchFortifyRestoration,ArmorMaterialIron,1.050000,121,IJGeomanticArmorEnchanting
MagicEnchFortifyRestoration,ArmorMaterialIronBanded,1.050000,121,IJGeomanticArmorEnchanting
MagicEnchFortifyRestoration,ArmorMaterialImperialHeavy,1.050000,121,IJGeomanticArmorEnchanting
MagicEnchFortifyRestoration,ArmorMaterialBlades,1.050000,121,IJGeomanticArmorEnchanting
MagicEnchFortifyRestoration,ArmorMaterialSteel,1.050000,121,IJGeomanticArmorEnchanting
MagicEnchFortifyRestoration,ArmorMaterialSteelPlate,1.050000,121,IJGeomanticArmorEnchanting
MagicEnchFortifyRestoration,EarthBonesJewelrySaturnian,0.570000,122,IJGeomanticArmorEnchanting
MagicEnchFortifyRestoration,ArmorMaterialOrcish,0.570000,122,IJGeomanticArmorEnchanting
MagicEnchFortifyRestoration,EarthBonesGemMartial,0.850000,123,IJGeomanticArmorEnchanting
MagicEnchFortifyRestoration,EarthBonesJewelryMartial,0.800000,124,IJGeomanticArmorEnchanting
MagicEnchFortifyRestoration,ArmorMaterialEbony,0.800000,124,IJGeomanticArmorEnchanting
MagicEnchFortifyRestoration,EarthBonesGemFire,1.200000,125,IJGeomanticArmorEnchanting
MagicEnchFortifyRestoration,EarthBonesGemWater,1.200000,125,IJGeomanticArmorEnchanting
MagicEnchFortifyRestoration,EarthBonesGemFireLesser,1.150000,126,IJGeomanticArmorEnchanting
MagicEnchFortifyRestoration,EarthBonesGemWaterLesser,1.150000,126,IJGeomanticArmorEnchanting
MagicEnchFortifyRestoration,EarthBonesGemAir,1.050000,127,IJGeomanticArmorEnchanting
MagicEnchFortifySmithing,EarthBonesGemFire,1.080000,128,IJGeomanticArmorEnchanting
MagicEnchFortifySmithing,EarthBonesJewelryJovial,1.120000,129,IJGeomanticArmorEnchanting
MagicEnchFortifySmithing,ArmorMaterialDwarven,1.120000,129,IJGeomanticArmorEnchanting
MagicEnchFortifySmithing,EarthBonesJewelrySaturnian,1.090000,130,IJGeomanticArmorEnchanting
MagicEnchFortifySmithing,ArmorMaterialOrcish,1.090000,130,IJGeomanticArmorEnchanting
MagicEnchFortifySmithing,EarthBonesJewelryMartialGreater,1.050000,131,IJGeomanticArmorEnchanting
MagicEnchFortifySmithing,ArmorMaterialIron,1.050000,131,IJGeomanticArmorEnchanting
MagicEnchFortifySmithing,ArmorMaterialIronBanded,1.050000,131,IJGeomanticArmorEnchanting
MagicEnchFortifySmithing,ArmorMaterialSteel,1.050000,131,IJGeomanticArmorEnchanting
MagicEnchFortifySmithing,ArmorMaterialSteelPlate,1.050000,131,IJGeomanticArmorEnchanting
MagicEnchFortifySmithing,ArmorMaterialBlades,1.050000,131,IJGeomanticArmorEnchanting
MagicEnchFortifySmithing,ArmorMaterialImperialHeavy,1.050000,131,IJGeomanticArmorEnchanting
MagicEnchFortifySneak,EarthBonesGemAir,1.200000,132,IJGeomanticArmorEnchanting
MagicEnchFortifySneak,EarthBonesJewelryVenutianGreater,1.120000,133,IJGeomanticArmorEnchanting
MagicEnchFortifySneak,ArmorMaterialGlass,1.120000,133,IJGeomanticArmorEnchanting
MagicEnchFortifySneak,EarthBonesGemVenutian,1.180000,134,IJGeomanticArmorEnchanting
MagicEnchFortifySneak,EarthBonesJewelryMercurial,1.200000,135,IJGeomanticArmorEnchanting
MagicEnchFortifySneak,ArmorMaterialElvenGilded,1.200000,135,IJGeomanticArmorEnchanting
MagicEnchFortifySneak,EarthBonesGemSolar,1.220000,136,IJGeomanticArmorEnchanting
MagicEnchFortifySneak,EarthBonesGemLunar,1.120000,137,IJGeomanticArmorEnchanting
MagicEnchFortifySneak,ArmorMaterialElven,1.120000,137,IJGeomanticArmorEnchanting
MagicEnchFortifySneak,ArmorMaterialLeather,1.120000,137,IJGeomanticArmorEnchanting
MagicEnchFortifySneak,EarthBonesGemMartial,1.050000,138,IJGeomanticArmorEnchanting
MagicEnchFortifySneak,EarthBonesJewelrySpirit,1.040000,139,IJGeomanticArmorEnchanting
MagicEnchFortifySneak,EarthBonesGemFire,0.840000,140,IJGeomanticArmorEnchanting
MagicEnchFortifySneak,EarthBonesGemFireLesser,0.720000,141,IJGeomanticArmorEnchanting
MagicEnchFortifyTwoHanded,EarthBonesJewelrySaturnian,1.150000,142,IJGeomanticArmorEnchanting
MagicEnchFortifyTwoHanded,ArmorMaterialOrcish,1.150000,142,IJGeomanticArmorEnchanting
MagicEnchFortifyTwoHanded,EarthBonesJewelryJovial,1.130000,143,IJGeomanticArmorEnchanting
MagicEnchFortifyTwoHanded,ArmorMaterialDwarven,1.130000,143,IJGeomanticArmorEnchanting
MagicEnchFortifyTwoHanded,EarthBonesGemFire,1.160000,144,IJGeomanticArmorEnchanting
MagicEnchFortifyTwoHanded,EarthBonesGemFireLesser,1.120000,145,IJGeomanticArmorEnchanting
MagicEnchFortifyTwoHanded,EarthBonesGemAir,1.140000,146,IJGeomanticArmorEnchanting
MagicEnchFortifyHealRate,EarthBonesJewelrySolar,1.200000,147,IJGeomanticArmorEnchanting
MagicEnchFortifyHealRate,EarthBonesJewelryVenutianGreater,1.120000,148,IJGeomanticArmorEnchanting
MagicEnchFortifyHealRate,EarthBonesJewelryJovial,1.120000,148,IJGeomanticArmorEnchanting
MagicEnchFortifyHealRate,ArmorMaterialElven,1.120000,148,IJGeomanticArmorEnchanting
MagicEnchFortifyHealRate,ArmorMaterialElvenGilded,1.120000,148,IJGeomanticArmorEnchanting
MagicEnchFortifyHealRate,ArmorMaterialDwarven,1.120000,148,IJGeomanticArmorEnchanting
MagicEnchFortifyHealRate,EarthBonesJewelryMercurial,1.120000,148,IJGeomanticArmorEnchanting
MagicEnchFortifyHealRate,EarthBonesJewelryMartialGreater,1.100000,149,IJGeomanticArmorEnchanting
MagicEnchFortifyHealRate,ArmorMaterialIron,1.100000,149,IJGeomanticArmorEnchanting
MagicEnchFortifyHealRate,ArmorMaterialIronBanded,1.100000,149,IJGeomanticArmorEnchanting
MagicEnchFortifyHealRate,ArmorMaterialImperialHeavy,1.100000,149,IJGeomanticArmorEnchanting
MagicEnchFortifyHealRate,ArmorMaterialBlades,1.100000,149,IJGeomanticArmorEnchanting
MagicEnchFortifyHealRate,ArmorMaterialSteel,1.100000,149,IJGeomanticArmorEnchanting
MagicEnchFortifyHealRate,ArmorMaterialSteelPlate,1.100000,149,IJGeomanticArmorEnchanting
MagicEnchFortifyHealRate,EarthBonesGemMartial,0.750000,150,IJGeomanticArmorEnchanting
MagicEnchFortifyHealRate,EarthBonesGemWater,1.200000,151,IJGeomanticArmorEnchanting
MagicEnchFortifyHealRate,EarthBonesGemFire,1.200000,151,IJGeomanticArmorEnchanting
MagicEnchFortifyHealRate,EarthBonesGemSpirit,1.250000,152,IJGeomanticArmorEnchanting
MagicEnchFortifyHealRate,ArmorMaterialDragonplate,1.250000,152,IJGeomanticArmorEnchanting
MagicEnchFortifyHealRate,ArmorMaterialDragonscale,1.250000,152,IJGeomanticArmorEnchanting
MagicEnchFortifyHealRate,EarthBonesJewelrySpirit,1.050000,153,IJGeomanticArmorEnchanting
MagicEnchFortifyHealRate,EarthBonesJewelrySolarLesser,1.050000,153,IJGeomanticArmorEnchanting
MagicEnchFortifyHealRate,EarthBonesGemFireLesser,1.120000,154,IJGeomanticArmorEnchanting
MagicEnchFortifyHealRate,EarthBonesGemWaterLesser,1.120000,154,IJGeomanticArmorEnchanting
MagicEnchFortifyHealth,EarthBonesJewelrySolar,1.200000,155,IJGeomanticArmorEnchanting
MagicEnchFortifyHealth,EarthBonesJewelryJovial,1.160000,156,IJGeomanticArmorEnchanting
MagicEnchFortifyHealth,ArmorMaterialDwarven,1.160000,156,IJGeomanticArmorEnchanting
MagicEnchFortifyHealth,EarthBonesJewelryMartial,1.150000,157,IJGeomanticArmorEnchanting
MagicEnchFortifyHealth,EarthBonesJewelryMartialGreater,1.150000,157,IJGeomanticArmorEnchanting
MagicEnchFortifyHealth,ArmorMaterialEbony,1.150000,157,IJGeomanticArmorEnchanting
MagicEnchFortifyHealth,ArmorMaterialIron,1.150000,157,IJGeomanticArmorEnchanting
MagicEnchFortifyHealth,ArmorMaterialIronBanded,1.150000,157,IJGeomanticArmorEnchanting
MagicEnchFortifyHealth,ArmorMaterialImperialHeavy,1.150000,157,IJGeomanticArmorEnchanting
MagicEnchFortifyHealth,ArmorMaterialBlades,1.150000,157,IJGeomanticArmorEnchanting
MagicEnchFortifyHealth,ArmorMaterialSteel,1.150000,157,IJGeomanticArmorEnchanting
MagicEnchFortifyHealth,ArmorMaterialSteelPlate,1.150000,157,IJGeomanticArmorEnchanting
MagicEnchFortifyHealth,WeapMaterialWood,1.150000,157,IJGeomanticArmorEnchanting
MagicEnchFortifyHealth,EarthBonesGemWater,1.160000,158,IJGeomanticArmorEnchanting
MagicEnchFortifyHealth,EarthBonesGemFire,1.250000,159,IJGeomanticArmorEnchanting
MagicEnchFortifyHealth,EarthBonesGemFireLesser,1.140000,160,IJGeomanticArmorEnchanting
MagicEnchFortifyHealth,EarthBonesGemSpirit,1.220000,161,IJGeomanticArmorEnchanting
MagicEnchFortifyHealth,ArmorMaterialDragonplate,1.220000,161,IJGeomanticArmorEnchanting
MagicEnchFortifyHealth,ArmorMaterialDragonscale,1.220000,161,IJGeomanticArmorEnchanting
MagicEnchFortifyMagickaRate,EarthBonesJewelrySolar,1.250000,162,IJGeomanticArmorEnchanting
MagicEnchFortifyMagickaRate,ArmorMaterialElven,1.150000,163,IJGeomanticArmorEnchanting
MagicEnchFortifyMagickaRate,EarthBonesJewelryVenutianGreater,1.150000,163,IJGeomanticArmorEnchanting
MagicEnchFortifyMagickaRate,EarthBonesJewelryMercurial,1.200000,164,IJGeomanticArmorEnchanting
MagicEnchFortifyMagickaRate,EarthBonesJewelryLunar,1.200000,164,IJGeomanticArmorEnchanting
MagicEnchFortifyMagickaRate,ArmorMaterialElvenGilded,1.200000,164,IJGeomanticArmorEnchanting
MagicEnchFortifyMagickaRate,EarthBonesJewelryMartial,0.210000,165,IJGeomanticArmorEnchanting
MagicEnchFortifyMagickaRate,ArmorMaterialIron,0.210000,165,IJGeomanticArmorEnchanting
MagicEnchFortifyMagickaRate,ArmorMaterialSteel,0.210000,165,IJGeomanticArmorEnchanting
MagicEnchFortifyMagickaRate,ArmorMaterialSteelPlate,0.210000,165,IJGeomanticArmorEnchanting
MagicEnchFortifyMagickaRate,ArmorMaterialIronBanded,0.210000,165,IJGeomanticArmorEnchanting
MagicEnchFortifyMagickaRate,ArmorMaterialImperialHeavy,0.210000,165,IJGeomanticArmorEnchanting
MagicEnchFortifyMagickaRate,ArmorMaterialBlades,0.210000,165,IJGeomanticArmorEnchanting
MagicEnchFortifyMagickaRate,EarthBonesJewelrySaturnian,0.810000,166,IJGeomanticArmorEnchanting
MagicEnchFortifyMagickaRate,ArmorMaterialOrcish,0.810000,166,IJGeomanticArmorEnchanting
MagicEnchFortifyMagickaRate,EarthBonesGemMartial,0.780000,167,IJGeomanticArmorEnchanting
MagicEnchFortifyMagickaRate,EarthBonesJewelrySpirit,1.180000,168,IJGeomanticArmorEnchanting
MagicEnchFortifyMagickaRate,EarthBonesGemSpirit,1.220000,169,IJGeomanticArmorEnchanting
MagicEnchFortifyMagickaRate,ArmorMaterialDragonplate,1.220000,169,IJGeomanticArmorEnchanting
MagicEnchFortifyMagickaRate,ArmorMaterialDragonscale,1.220000,169,IJGeomanticArmorEnchanting
MagicEnchFortifyMagickaRate,EarthBonesGemWater,1.200000,170,IJGeomanticArmorEnchanting
MagicEnchFortifyMagickaRate,EarthBonesGemWaterLesser,1.160000,171,IJGeomanticArmorEnchanting
MagicEnchFortifyMagicka,EarthBonesJewelryMercurial,1.180000,172,IJGeomanticArmorEnchanting
MagicEnchFortifyMagicka,ArmorMaterialElvenGilded,1.180000,172,IJGeomanticArmorEnchanting
MagicEnchFortifyMagicka,EarthBonesJewelrySolar,1.200000,173,IJGeomanticArmorEnchanting
MagicEnchFortifyMagicka,EarthBonesJewelryLunar,1.250000,174,IJGeomanticArmorEnchanting
MagicEnchFortifyMagicka,EarthBonesJewelryMartial,0.600000,175,IJGeomanticArmorEnchanting
MagicEnchFortifyMagicka,EarthBonesJewelrySaturnian,0.850000,176,IJGeomanticArmorEnchanting
MagicEnchFortifyMagicka,ArmorMaterialOrcish,0.850000,176,IJGeomanticArmorEnchanting
MagicEnchFortifyMagicka,EarthBonesGemWater,1.250000,177,IJGeomanticArmorEnchanting
MagicEnchFortifyMagicka,EarthBonesGemAir,1.160000,178,IJGeomanticArmorEnchanting
MagicEnchFortifyMagicka,EarthBonesGemSolarLesser,1.150000,179,IJGeomanticArmorEnchanting
MagicEnchFortifyMagicka,EarthBonesGemSolar,1.150000,179,IJGeomanticArmorEnchanting
MagicEnchFortifyMagicka,EarthBonesGemSpirit,1.220000,180,IJGeomanticArmorEnchanting
MagicEnchFortifyMagicka,ArmorMaterialDragonplate,1.220000,180,IJGeomanticArmorEnchanting
MagicEnchFortifyMagicka,ArmorMaterialDragonscale,1.220000,180,IJGeomanticArmorEnchanting
MagicEnchFortifyMagicka,EarthBonesGemLunar,1.120000,181,IJGeomanticArmorEnchanting
MagicEnchFortifyMagicka,ArmorMaterialElven,1.120000,181,IJGeomanticArmorEnchanting
MagicEnchFortifyMagicka,EarthBonesJewelrySolarLesser,1.120000,181,IJGeomanticArmorEnchanting
MagicEnchFortifyMagicka,EarthBonesJewelryJovial,1.120000,181,IJGeomanticArmorEnchanting
MagicEnchFortifyMagicka,ArmorMaterialDwarven,1.120000,181,IJGeomanticArmorEnchanting
MagicEnchFortifyMagicka,EarthBonesJewelrySpirit,1.120000,181,IJGeomanticArmorEnchanting
MagicEnchFortifyStaminaRate,EarthBonesJewelrySolar,1.250000,182,IJGeomanticArmorEnchanting
MagicEnchFortifyStaminaRate,EarthBonesJewelryJovial,1.160000,183,IJGeomanticArmorEnchanting
MagicEnchFortifyStaminaRate,ArmorMaterialDwarven,1.160000,183,IJGeomanticArmorEnchanting
MagicEnchFortifyStaminaRate,EarthBonesJewelryMartial,1.100000,184,IJGeomanticArmorEnchanting
MagicEnchFortifyStaminaRate,ArmorMaterialIron,1.100000,184,IJGeomanticArmorEnchanting
MagicEnchFortifyStaminaRate,ArmorMaterialIronBanded,1.100000,184,IJGeomanticArmorEnchanting
MagicEnchFortifyStaminaRate,ArmorMaterialImperialHeavy,1.100000,184,IJGeomanticArmorEnchanting
MagicEnchFortifyStaminaRate,ArmorMaterialBlades,1.100000,184,IJGeomanticArmorEnchanting
MagicEnchFortifyStaminaRate,ArmorMaterialSteel,1.100000,184,IJGeomanticArmorEnchanting
MagicEnchFortifyStaminaRate,ArmorMaterialSteelPlate,1.100000,184,IJGeomanticArmorEnchanting
MagicEnchFortifyStaminaRate,EarthBonesJewelryMercurial,1.130000,185,IJGeomanticArmorEnchanting
MagicEnchFortifyStaminaRate,EarthBonesJewelryMartialGreater,1.130000,185,IJGeomanticArmorEnchanting
MagicEnchFortifyStaminaRate,EarthBonesJewelrySolarLesser,1.130000,185,IJGeomanticArmorEnchanting
MagicEnchFortifyStaminaRate,ArmorMaterialElvenGilded,1.130000,185,IJGeomanticArmorEnchanting
MagicEnchFortifyStaminaRate,ArmorMaterialEbony,1.130000,185,IJGeomanticArmorEnchanting
MagicEnchFortifyStaminaRate,EarthBonesGemMartial,0.830000,186,IJGeomanticArmorEnchanting
MagicEnchFortifyStaminaRate,EarthBonesGemFireLesser,1.120000,187,IJGeomanticArmorEnchanting
MagicEnchFortifyStaminaRate,EarthBonesGemFire,1.220000,188,IJGeomanticArmorEnchanting
MagicEnchFortifyStaminaRate,EarthBonesGemSpirit,1.200000,189,IJGeomanticArmorEnchanting
MagicEnchFortifyStaminaRate,ArmorMaterialDragonplate,1.200000,189,IJGeomanticArmorEnchanting
MagicEnchFortifyStaminaRate,ArmorMaterialDragonscale,1.200000,189,IJGeomanticArmorEnchanting
MagicEnchFortifyStamina,EarthBonesGemFire,1.200000,190,IJGeomanticArmorEnchanting
MagicEnchFortifyStamina,EarthBonesJewelrySaturnian,1.150000,191,IJGeomanticArmorEnchanting
MagicEnchFortifyStamina,EarthBonesJewelryMartial,1.150000,191,IJGeomanticArmorEnchanting
MagicEnchFortifyStamina,EarthBonesJewelryMartialGreater,1.150000,191,IJGeomanticArmorEnchanting
MagicEnchFortifyStamina,EarthBonesJewelryVenutianGreater,1.150000,191,IJGeomanticArmorEnchanting
MagicEnchFortifyStamina,EarthBonesGemVenutian,1.150000,191,IJGeomanticArmorEnchanting
MagicEnchFortifyStamina,ArmorMaterialOrcish,1.150000,191,IJGeomanticArmorEnchanting
MagicEnchFortifyStamina,ArmorMaterialIron,1.150000,191,IJGeomanticArmorEnchanting
MagicEnchFortifyStamina,ArmorMaterialIronBanded,1.150000,191,IJGeomanticArmorEnchanting
MagicEnchFortifyStamina,ArmorMaterialImperialHeavy,1.150000,191,IJGeomanticArmorEnchanting
MagicEnchFortifyStamina,ArmorMaterialBlades,1.150000,191,IJGeomanticArmorEnchanting
MagicEnchFortifyStamina,ArmorMaterialSteel,1.150000,191,IJGeomanticArmorEnchanting
MagicEnchFortifyStamina,ArmorMaterialSteelPlate,1.150000,191,IJGeomanticArmorEnchanting
MagicEnchFortifyStamina,ArmorMaterialGlass,1.150000,191,IJGeomanticArmorEnchanting
MagicEnchFortifyStamina,EarthBonesGemSpirit,1.220000,192,IJGeomanticArmorEnchanting
MagicEnchFortifyStamina,ArmorMaterialDragonscale,1.220000,192,IJGeomanticArmorEnchanting
MagicEnchFortifyStamina,ArmorMaterialDragonplate,1.220000,192,IJGeomanticArmorEnchanting
MagicEnchFortifyStamina,EarthBonesGemEarth,1.250000,193,IJGeomanticArmorEnchanting
MagicEnchFortifyCarryWeight,EarthBonesJewelryJovial,1.120000,194,IJGeomanticArmorEnchanting
MagicEnchFortifyCarryWeight,ArmorMaterialDwarven,1.120000,194,IJGeomanticArmorEnchanting
MagicEnchFortifyCarryWeight,EarthBonesJewelrySaturnian,0.100000,195,IJGeomanticArmorEnchanting
MagicEnchFortifyCarryWeight,ArmorMaterialOrcish,0.100000,195,IJGeomanticArmorEnchanting
MagicEnchFortifyCarryWeight,EarthBonesGemAir,1.250000,196,IJGeomanticArmorEnchanting
MagicEnchFortifyCarryWeight,EarthBonesGemFireLesser,1.100000,197,IJGeomanticArmorEnchanting
MagicEnchFortifyCarryWeight,EarthBonesGemFire,1.160000,198,IJGeomanticArmorEnchanting
MagicEnchFortifyUnarmed,EarthBonesGemSpirit,1.150000,199,IJGeomanticArmorEnchanting
MagicEnchFortifyUnarmed,ArmorMaterialDragonscale,1.150000,199,IJGeomanticArmorEnchanting
MagicEnchFortifyUnarmed,ArmorMaterialDragonplate,1.150000,199,IJGeomanticArmorEnchanting
MagicEnchResistMagic,EarthBonesGemSpirit,1.150000,199,IJGeomanticArmorEnchanting
MagicEnchResistMagic,ArmorMaterialDragonscale,1.150000,199,IJGeomanticArmorEnchanting
MagicEnchResistMagic,ArmorMaterialDragonplate,1.150000,199,IJGeomanticArmorEnchanting
MagicEnchFortifyUnarmed,EarthBonesJewelryVenutianGreater,1.080000,200,IJGeomanticArmorEnchanting
MagicEnchFortifyUnarmed,ArmorMaterialGlass,1.080000,200,IJGeomanticArmorEnchanting
MagicEnchFortifyUnarmed,EarthBonesGemVenutian,1.060000,201,IJGeomanticArmorEnchanting
MagicEnchFortifyUnarmed,EarthBonesJewelrySpirit,1.100000,202,IJGeomanticArmorEnchanting
MagicEnchResistMagic,EarthBonesJewelrySolar,1.190000,203,IJGeomanticArmorEnchanting
MagicEnchResistDisease,EarthBonesJewelrySolar,1.190000,203,IJGeomanticArmorEnchanting
MagicEnchResistDisease,EarthBonesJewelryMercurial,1.200000,204,IJGeomanticArmorEnchanting
MagicEnchResistDisease,ArmorMaterialElvenGilded,1.200000,204,IJGeomanticArmorEnchanting
MagicEnchResistDisease,EarthBonesJewelryVenutianGreater,1.080000,206,IJGeomanticArmorEnchanting
MagicEnchResistDisease,ArmorMaterialElven,1.080000,206,IJGeomanticArmorEnchanting
MagicEnchResistDisease,EarthBonesJewelryJovial,1.160000,207,IJGeomanticArmorEnchanting
MagicEnchResistDisease,ArmorMaterialDwarven,1.160000,207,IJGeomanticArmorEnchanting
MagicEnchResistDisease,EarthBonesGemEarth,1.160000,208,IJGeomanticArmorEnchanting
MagicEnchResistFire,EarthBonesGemEarth,1.160000,208,IJGeomanticArmorEnchanting
MagicEnchResistFrost,EarthBonesGemEarth,1.160000,208,IJGeomanticArmorEnchanting
MagicEnchResistMagic,EarthBonesGemEarth,1.160000,208,IJGeomanticArmorEnchanting
MagicEnchResistDisease,EarthBonesGemSolarLesser,1.100000,209,IJGeomanticArmorEnchanting
MagicEnchResistFire,EarthBonesGemSolarLesser,1.100000,209,IJGeomanticArmorEnchanting
MagicEnchResistFrost,EarthBonesGemSolarLesser,1.100000,209,IJGeomanticArmorEnchanting
MagicEnchResistShock,EarthBonesGemSolarLesser,1.100000,209,IJGeomanticArmorEnchanting
MagicEnchResistMagic,EarthBonesGemSolarLesser,1.100000,209,IJGeomanticArmorEnchanting
MagicEnchResistDisease,EarthBonesGemSpirit,1.200000,210,IJGeomanticArmorEnchanting
MagicEnchResistDisease,ArmorMaterialDragonscale,1.200000,210,IJGeomanticArmorEnchanting
MagicEnchResistDisease,ArmorMaterialDragonplate,1.200000,210,IJGeomanticArmorEnchanting
MagicEnchResistDisease,EarthBonesGemFire,1.050000,211,IJGeomanticArmorEnchanting
MagicEnchResistDisease,EarthBonesGemWater,1.050000,211,IJGeomanticArmorEnchanting
MagicEnchResistFire,EarthBonesJewelrySolar,1.150000,212,IJGeomanticArmorEnchanting
MagicEnchResistFire,EarthBonesJewelrySolarLesser,1.030000,213,IJGeomanticArmorEnchanting
MagicEnchResistFire,ArmorMaterialElven,0.380000,214,IJGeomanticArmorEnchanting
MagicEnchResistFire,EarthBonesJewelryVenutian,0.380000,214,IJGeomanticArmorEnchanting
MagicEnchResistFire,ArmorMaterialGlass,1.180000,215,IJGeomanticArmorEnchanting
MagicEnchResistFire,EarthBonesJewelryVenutianGreater,1.180000,215,IJGeomanticArmorEnchanting
MagicEnchResistFrost,ArmorMaterialGlass,1.180000,215,IJGeomanticArmorEnchanting
MagicEnchResistFrost,EarthBonesJewelryVenutianGreater,1.180000,215,IJGeomanticArmorEnchanting
MagicEnchResistMagic,ArmorMaterialGlass,1.180000,215,IJGeomanticArmorEnchanting
MagicEnchResistMagic,EarthBonesJewelryVenutianGreater,1.180000,215,IJGeomanticArmorEnchanting
MagicEnchResistShock,ArmorMaterialGlass,1.180000,215,IJGeomanticArmorEnchanting
MagicEnchResistShock,EarthBonesJewelryVenutianGreater,1.180000,215,IJGeomanticArmorEnchanting
MagicEnchResistFire,EarthBonesGemVenutian,1.150000,216,IJGeomanticArmorEnchanting
MagicEnchResistFrost,EarthBonesGemVenutian,1.150000,216,IJGeomanticArmorEnchanting
MagicEnchResistShock,EarthBonesGemVenutian,1.150000,216,IJGeomanticArmorEnchanting
MagicEnchResistMagic,EarthBonesGemVenutian,1.150000,216,IJGeomanticArmorEnchanting
MagicEnchResistFire,EarthBonesGemFire,1.220000,217,IJGeomanticArmorEnchanting
MagicEnchResistFire,EarthBonesGemWater,1.220000,217,IJGeomanticArmorEnchanting
MagicEnchResistFrost,EarthBonesGemFire,1.220000,217,IJGeomanticArmorEnchanting
MagicEnchResistFrost,EarthBonesGemWater,1.220000,217,IJGeomanticArmorEnchanting
MagicEnchResistFire,EarthBonesGemFireLesser,1.160000,218,IJGeomanticArmorEnchanting
MagicEnchResistFire,EarthBonesGemWaterLesser,1.160000,218,IJGeomanticArmorEnchanting
MagicEnchResistFrost,EarthBonesJewelryLunar,1.150000,219,IJGeomanticArmorEnchanting
MagicEnchResistMagic,EarthBonesJewelryLunar,1.150000,220,IJGeomanticArmorEnchanting
MagicEnchResistMagic,EarthBonesJewelryJovial,1.080000,221,IJGeomanticArmorEnchanting
MagicEnchResistMagic,ArmorMaterialDwarven,1.080000,221,IJGeomanticArmorEnchanting
MagicEnchResistMagic,EarthBonesJewelryVenutian,0.550000,222,IJGeomanticArmorEnchanting
MagicEnchResistMagic,ArmorMaterialElven,0.550000,222,IJGeomanticArmorEnchanting
MagicEnchResistMagic,EarthBonesGemWater,1.200000,223,IJGeomanticArmorEnchanting
MagicEnchResistMagic,EarthBonesGemFire,1.200000,223,IJGeomanticArmorEnchanting
MagicEnchResistMagic,EarthBonesGemFireLesser,1.140000,224,IJGeomanticArmorEnchanting
MagicEnchResistMagic,EarthBonesGemWaterLesser,1.140000,224,IJGeomanticArmorEnchanting
MagicEnchResistMagic,EarthBonesGemLunar,1.060000,225,IJGeomanticArmorEnchanting
MagicEnchResistMagic,EarthBonesJewelrySpirit,1.100000,226,IJGeomanticArmorEnchanting
MagicEnchResistPoison,EarthBonesJewelrySolar,1.100000,227,IJGeomanticArmorEnchanting
MagicEnchResistPoison,EarthBonesGemSpirit,1.100000,228,IJGeomanticArmorEnchanting
MagicEnchResistPoison,ArmorMaterialDragonplate,1.100000,228,IJGeomanticArmorEnchanting
MagicEnchResistPoison,ArmorMaterialDragonscale,1.100000,228,IJGeomanticArmorEnchanting
MagicEnchResistMagic,EarthBonesJewelrySyzygy,1.400000,229,IJGeomanticArmorEnchanting
MagicEnchResistPoison,EarthBonesJewelryJovial,1.120000,230,IJGeomanticArmorEnchanting
MagicEnchResistPoison,ArmorMaterialDwarven,1.120000,230,IJGeomanticArmorEnchanting
MagicEnchResistPoison,EarthBonesGemAir,1.160000,231,IJGeomanticArmorEnchanting
MagicEnchResistPoison,EarthBonesGemEarth,1.200000,232,IJGeomanticArmorEnchanting
MagicEnchResistPoison,EarthBonesJewelrySaturnian,0.700000,233,IJGeomanticArmorEnchanting
MagicEnchResistPoison,ArmorMaterialOrcish,0.700000,233,IJGeomanticArmorEnchanting
MagicEnchResistPoison,EarthBonesJewelryMercurial,0.320000,234,IJGeomanticArmorEnchanting
MagicEnchResistPoison,ArmorMaterialElvenGilded,0.320000,234,IJGeomanticArmorEnchanting
MagicEnchResistShock,EarthBonesGemAir,1.150000,235,IJGeomanticArmorEnchanting
MagicEnchResistShock,EarthBonesGemFire,1.220000,236,IJGeomanticArmorEnchanting
MagicEnchResistShock,EarthBonesJewelryVenutian,0.050000,237,IJGeomanticArmorEnchanting
MagicEnchResistShock,EarthBonesJewelryLunar,0.050000,237,IJGeomanticArmorEnchanting
MagicEnchResistShock,ArmorMaterialElven,0.050000,237,IJGeomanticArmorEnchanting
MagicEnchResistShock,EarthBonesJewelrySolar,0.700000,238,IJGeomanticArmorEnchanting
MagicEnchResistShock,EarthBonesJewelryJovial,1.150000,239,IJGeomanticArmorEnchanting
MagicEnchResistShock,ArmorMaterialDwarven,1.150000,239,IJGeomanticArmorEnchanting
MagicEnchResistShock,EarthBonesGemEarth,1.200000,240,IJGeomanticArmorEnchanting
MagicEnchResistDisease,EarthBonesGemSolar,1.200000,241,IJGeomanticArmorEnchanting
MagicEnchResistFire,EarthBonesGemSolar,1.200000,241,IJGeomanticArmorEnchanting
MagicEnchResistFrost,EarthBonesGemSolar,1.200000,241,IJGeomanticArmorEnchanting
MagicEnchResistMagic,EarthBonesGemSolar,1.200000,241,IJGeomanticArmorEnchanting
MagicEnchResistShock,EarthBonesGemSolar,1.200000,241,IJGeomanticArmorEnchanting
MagicEnchResistShock,EarthBonesGemWaterLesser,0.670000,242,IJGeomanticArmorEnchanting
MagicEnchMuffle,EarthBonesGemMartial,1.250000,243,IJGeomanticArmorEnchanting
MagicEnchMuffle,EarthBonesGemEarth,1.160000,244,IJGeomanticArmorEnchanting
MagicEnchMuffle,EarthBonesJewelryMartialGreater,1.100000,245,IJGeomanticArmorEnchanting
MagicEnchMuffle,ArmorMaterialEbony,1.100000,245,IJGeomanticArmorEnchanting
MagicEnchMuffle,EarthBonesJewelrySaturnian,1.120000,246,IJGeomanticArmorEnchanting
MagicEnchMuffle,ArmorMaterialOrcish,1.120000,246,IJGeomanticArmorEnchanting
MagicEnchMuffle,EarthBonesJewelryJovial,0.150000,247,IJGeomanticArmorEnchanting
MagicEnchMuffle,ArmorMaterialDwarven,0.150000,247,IJGeomanticArmorEnchanting
MagicEnchMuffle,EarthBonesGemFireLesser,0.450000,248,IJGeomanticArmorEnchanting
MagicEnchAbsorbHealth,EarthBonesJewelryVenutianGreater,1.200000,1,IJGeomanticWeaponEnchanting
MagicEnchAbsorbHealth,WeapMaterialElven,1.200000,1,IJGeomanticWeaponEnchanting
MagicEnchAbsorbMagicka,EarthBonesJewelryVenutianGreater,1.200000,1,IJGeomanticWeaponEnchanting
MagicEnchAbsorbMagicka,WeapMaterialElven,1.200000,1,IJGeomanticWeaponEnchanting
MagicEnchAbsorbStamina,EarthBonesJewelryVenutianGreater,1.200000,1,IJGeomanticWeaponEnchanting
MagicEnchAbsorbStamina,WeapMaterialElven,1.200000,1,IJGeomanticWeaponEnchanting
MagicEnchAbsorbHealth,EarthBonesJewelryLunar,1.250000,2,IJGeomanticWeaponEnchanting
MagicEnchAbsorbHealth,WeapMaterialSilver,1.250000,2,IJGeomanticWeaponEnchanting
MagicEnchAbsorbMagicka,EarthBonesJewelryLunar,1.250000,2,IJGeomanticWeaponEnchanting
MagicEnchAbsorbMagicka,WeapMaterialSilver,1.250000,2,IJGeomanticWeaponEnchanting
MagicEnchAbsorbStamina,EarthBonesJewelryLunar,1.250000,2,IJGeomanticWeaponEnchanting
MagicEnchAbsorbStamina,WeapMaterialSilver,1.250000,2,IJGeomanticWeaponEnchanting
MagicEnchAbsorbHealth,WeapMaterialGlass,1.150000,3,IJGeomanticWeaponEnchanting
MagicEnchAbsorbHealth,EarthBonesJewelryVenutian,1.150000,3,IJGeomanticWeaponEnchanting
MagicEnchAbsorbHealth,EarthBonesGemVenutian,1.150000,3,IJGeomanticWeaponEnchanting
MagicEnchAbsorbMagicka,WeapMaterialGlass,1.150000,3,IJGeomanticWeaponEnchanting
MagicEnchAbsorbMagicka,EarthBonesJewelryVenutian,1.150000,3,IJGeomanticWeaponEnchanting
MagicEnchAbsorbMagicka,EarthBonesGemVenutian,1.150000,3,IJGeomanticWeaponEnchanting
MagicEnchAbsorbStamina,WeapMaterialGlass,1.150000,3,IJGeomanticWeaponEnchanting
MagicEnchAbsorbStamina,EarthBonesJewelryVenutian,1.150000,3,IJGeomanticWeaponEnchanting
MagicEnchAbsorbStamina,EarthBonesGemVenutian,1.150000,3,IJGeomanticWeaponEnchanting
MagicEnchAbsorbHealth,EarthBonesGemMartial,1.100000,4,IJGeomanticWeaponEnchanting
MagicEnchAbsorbMagicka,EarthBonesGemMartial,1.100000,4,IJGeomanticWeaponEnchanting
MagicEnchAbsorbStamina,EarthBonesGemMartial,1.100000,4,IJGeomanticWeaponEnchanting
MagicEnchAbsorbHealth,WeapMaterialEbony,1.120000,5,IJGeomanticWeaponEnchanting
MagicEnchAbsorbHealth,EarthBonesJewelryMartialGreater,1.120000,5,IJGeomanticWeaponEnchanting
MagicEnchAbsorbMagicka,WeapMaterialEbony,1.120000,5,IJGeomanticWeaponEnchanting
MagicEnchAbsorbMagicka,EarthBonesJewelryMartialGreater,1.120000,5,IJGeomanticWeaponEnchanting
MagicEnchAbsorbStamina,WeapMaterialEbony,1.120000,5,IJGeomanticWeaponEnchanting
MagicEnchAbsorbStamina,EarthBonesJewelryMartialGreater,1.120000,5,IJGeomanticWeaponEnchanting
MagicEnchAbsorbHealth,EarthBonesGemLunar,1.090000,6,IJGeomanticWeaponEnchanting
MagicEnchAbsorbMagicka,EarthBonesGemLunar,1.090000,6,IJGeomanticWeaponEnchanting
MagicEnchAbsorbStamina,EarthBonesGemLunar,1.090000,6,IJGeomanticWeaponEnchanting
MagicEnchAbsorbHealth,EarthBonesGemFire,1.200000,7,IJGeomanticWeaponEnchanting
MagicEnchAbsorbMagicka,EarthBonesGemWater,1.200000,8,IJGeomanticWeaponEnchanting
MagicEnchAbsorbStamina,EarthBonesGemEarth,1.200000,9,IJGeomanticWeaponEnchanting
MagicDamageFire,EarthBonesJewelrySolar,1.200000,10,IJGeomanticWeaponEnchanting
MagicDamageFire,WeapMaterialIron,1.060000,11,IJGeomanticWeaponEnchanting
MagicDamageFire,WeapMaterialDraugr,1.060000,11,IJGeomanticWeaponEnchanting
MagicDamageFire,WeapMaterialDraugrHoned,1.060000,11,IJGeomanticWeaponEnchanting
MagicDamageFire,WeapMaterialImperial,1.060000,11,IJGeomanticWeaponEnchanting
MagicDamageFire,WeapMaterialSteel,1.060000,11,IJGeomanticWeaponEnchanting
MagicDamageFire,EarthBonesJewelryMartial,1.060000,11,IJGeomanticWeaponEnchanting
MagicDamageFire,WeapMaterialEbony,1.150000,12,IJGeomanticWeaponEnchanting
MagicDamageFire,EarthBonesJewelryMartialGreater,1.150000,12,IJGeomanticWeaponEnchanting
MagicDamageFire,EarthBonesGemFire,1.250000,13,IJGeomanticWeaponEnchanting
MagicDamageFire,EarthBonesGemFireLesser,1.160000,14,IJGeomanticWeaponEnchanting
MagicDamageFire,EarthBonesGemSpirit,1.100000,15,IJGeomanticWeaponEnchanting
MagicDamageFire,DLC1WeapMaterialDragonbone,1.100000,15,IJGeomanticWeaponEnchanting
MagicDamageFire,WeapMaterialWood,1.100000,15,IJGeomanticWeaponEnchanting
MagicDamageFire,ArmorMaterialLeather,1.100000,15,IJGeomanticWeaponEnchanting
MagicDamageFire,EarthBonesGemSolar,1.150000,16,IJGeomanticWeaponEnchanting
MagicDamageFire,EarthBonesGemWater,0.020000,17,IJGeomanticWeaponEnchanting
MagicDamageFire,EarthBonesGemLunar,0.270000,18,IJGeomanticWeaponEnchanting
MagicDamageFire,WeapMaterialElven,0.270000,18,IJGeomanticWeaponEnchanting
MagicDamageFire,WeapMaterialSilver,0.650000,19,IJGeomanticWeaponEnchanting
MagicDamageFire,EarthBonesJewelryLunar,0.650000,19,IJGeomanticWeaponEnchanting
MagicDamageFire,EarthBonesGemWaterLesser,0.170000,20,IJGeomanticWeaponEnchanting
MagicDamageFire,EarthBonesGemEarth,0.580000,21,IJGeomanticWeaponEnchanting
MagicDamageFire,EarthBonesJewelrySaturnian,0.790000,22,IJGeomanticWeaponEnchanting
MagicDamageFire,WeapMaterialOrcish,0.790000,22,IJGeomanticWeaponEnchanting
MagicDamageFrost,EarthBonesJewelryLunar,1.130000,23,IJGeomanticWeaponEnchanting
MagicDamageFrost,WeapMaterialSilver,1.130000,23,IJGeomanticWeaponEnchanting
MagicDamageFrost,EarthBonesJewelryVenutian,1.060000,24,IJGeomanticWeaponEnchanting
MagicDamageFrost,WeapMaterialElven,1.060000,24,IJGeomanticWeaponEnchanting
MagicDamageFrost,EarthBonesJewelryVenutianGreater,1.200000,25,IJGeomanticWeaponEnchanting
MagicDamageFrost,EarthBonesGemVenutian,1.200000,25,IJGeomanticWeaponEnchanting
MagicDamageFrost,WeapMaterialGlass,1.200000,25,IJGeomanticWeaponEnchanting
MagicDamageFrost,EarthBonesGemWater,1.250000,26,IJGeomanticWeaponEnchanting
MagicDamageFrost,EarthBonesGemWaterLesser,1.160000,27,IJGeomanticWeaponEnchanting
MagicDamageFrost,EarthBonesGemLunar,1.090000,28,IJGeomanticWeaponEnchanting
MagicDamageFrost,WeapMaterialIron,1.090000,28,IJGeomanticWeaponEnchanting
MagicDamageFrost,WeapMaterialSteel,1.090000,28,IJGeomanticWeaponEnchanting
MagicDamageFrost,WeapMaterialImperial,1.090000,28,IJGeomanticWeaponEnchanting
MagicDamageFrost,WeapMaterialDraugr,1.090000,28,IJGeomanticWeaponEnchanting
MagicDamageFrost,WeapMaterialDraugrHoned,1.090000,28,IJGeomanticWeaponEnchanting
MagicDamageFrost,EarthBonesGemSpirit,1.100000,29,IJGeomanticWeaponEnchanting
MagicDamageFrost,DLC1WeapMaterialDragonbone,1.100000,29,IJGeomanticWeaponEnchanting
MagicDamageFrost,EarthBonesGemFire,0.020000,30,IJGeomanticWeaponEnchanting
MagicDamageFrost,EarthBonesGemFireLesser,0.170000,31,IJGeomanticWeaponEnchanting
MagicDamageFrost,EarthBonesJewelrySolar,0.550000,32,IJGeomanticWeaponEnchanting
MagicDamageFrost,EarthBonesGemSolar,0.270000,33,IJGeomanticWeaponEnchanting
MagicEnchDamageMagicka,EarthBonesJewelryVenutianGreater,1.120000,34,IJGeomanticWeaponEnchanting
MagicEnchDamageMagicka,EarthBonesJewelryLunar,1.120000,34,IJGeomanticWeaponEnchanting
MagicEnchDamageMagicka,WeapMaterialGlass,1.120000,34,IJGeomanticWeaponEnchanting
MagicEnchDamageMagicka,WeapMaterialSilver,1.120000,34,IJGeomanticWeaponEnchanting
MagicEnchDamageMagicka,EarthBonesJewelrySaturnian,1.090000,35,IJGeomanticWeaponEnchanting
MagicEnchDamageMagicka,WeapMaterialOrcish,1.090000,35,IJGeomanticWeaponEnchanting
MagicEnchDamageMagicka,WeapMaterialIron,1.250000,36,IJGeomanticWeaponEnchanting
MagicEnchDamageMagicka,WeapMaterialDraugrHoned,1.250000,36,IJGeomanticWeaponEnchanting
MagicEnchDamageMagicka,WeapMaterialDraugr,1.250000,36,IJGeomanticWeaponEnchanting
MagicEnchDamageMagicka,WeapMaterialImperial,1.250000,36,IJGeomanticWeaponEnchanting
MagicEnchDamageMagicka,WeapMaterialSteel,1.250000,36,IJGeomanticWeaponEnchanting
MagicEnchDamageMagicka,EarthBonesJewelryMartialGreater,1.180000,37,IJGeomanticWeaponEnchanting
MagicEnchDamageMagicka,WeapMaterialEbony,1.180000,37,IJGeomanticWeaponEnchanting
MagicEnchDamageMagicka,EarthBonesGemWater,1.100000,38,IJGeomanticWeaponEnchanting
MagicEnchDamageMagicka,EarthBonesGemMartial,1.160000,39,IJGeomanticWeaponEnchanting
MagicEnchDamageMagicka,EarthBonesGemSpirit,1.120000,40,IJGeomanticWeaponEnchanting
MagicEnchDamageMagicka,DLC1WeapMaterialDragonbone,1.120000,40,IJGeomanticWeaponEnchanting
MagicEnchDamageMagicka,WeapMaterialWood,1.120000,40,IJGeomanticWeaponEnchanting
MagicEnchDamageMagicka,ArmorMaterialLeather,1.120000,40,IJGeomanticWeaponEnchanting
MagicEnchDamageMagicka,EarthBonesGemLunar,1.080000,41,IJGeomanticWeaponEnchanting
MagicEnchDamageMagicka,WeapMaterialElven,1.080000,41,IJGeomanticWeaponEnchanting
MagicDamageShock,EarthBonesJewelryJovial,1.200000,42,IJGeomanticWeaponEnchanting
MagicDamageShock,WeapMaterialDwarven,1.200000,42,IJGeomanticWeaponEnchanting
MagicDamageShock,EarthBonesJewelryVenutianGreater,1.160000,43,IJGeomanticWeaponEnchanting
MagicDamageShock,EarthBonesJewelryLunar,1.160000,43,IJGeomanticWeaponEnchanting
MagicDamageShock,WeapMaterialElven,1.160000,43,IJGeomanticWeaponEnchanting
MagicDamageShock,WeapMaterialSilver,1.160000,43,IJGeomanticWeaponEnchanting
MagicDamageShock,EarthBonesJewelryVenutian,1.120000,44,IJGeomanticWeaponEnchanting
MagicDamageShock,WeapMaterialGlass,1.120000,44,IJGeomanticWeaponEnchanting
MagicDamageShock,EarthBonesGemVenutian,1.060000,45,IJGeomanticWeaponEnchanting
MagicDamageShock,EarthBonesGemSolarLesser,1.250000,46,IJGeomanticWeaponEnchanting
MagicDamageShock,EarthBonesGemSolar,1.250000,46,IJGeomanticWeaponEnchanting
MagicDamageShock,EarthBonesGemAir,1.200000,47,IJGeomanticWeaponEnchanting
MagicDamageShock,EarthBonesGemEarth,0.290000,48,IJGeomanticWeaponEnchanting
MagicDamageShock,EarthBonesJewelrySaturnian,0.710000,49,IJGeomanticWeaponEnchanting
MagicDamageShock,WeapMaterialOrcish,0.710000,49,IJGeomanticWeaponEnchanting
MagicEnchDamageStamina,EarthBonesJewelrySaturnian,1.200000,50,IJGeomanticWeaponEnchanting
MagicEnchDamageStamina,WeapMaterialOrcish,1.200000,50,IJGeomanticWeaponEnchanting
MagicEnchDamageStamina,EarthBonesJewelryMartial,1.050000,51,IJGeomanticWeaponEnchanting
MagicEnchDamageStamina,WeapMaterialIron,1.050000,51,IJGeomanticWeaponEnchanting
MagicEnchDamageStamina,WeapMaterialDraugr,1.050000,51,IJGeomanticWeaponEnchanting
MagicEnchDamageStamina,WeapMaterialDraugrHoned,1.050000,51,IJGeomanticWeaponEnchanting
MagicEnchDamageStamina,WeapMaterialImperial,1.050000,51,IJGeomanticWeaponEnchanting
MagicEnchDamageStamina,WeapMaterialSteel,1.050000,51,IJGeomanticWeaponEnchanting
MagicEnchDamageStamina,WeapMaterialEbony,1.100000,52,IJGeomanticWeaponEnchanting
MagicEnchDamageStamina,EarthBonesJewelryMartialGreater,1.100000,52,IJGeomanticWeaponEnchanting
MagicEnchDamageStamina,EarthBonesGemMartial,1.120000,53,IJGeomanticWeaponEnchanting
MagicEnchDamageStamina,EarthBonesGemEarth,1.100000,54,IJGeomanticWeaponEnchanting
MagicEnchBanish,EarthBonesJewelrySolar,1.250000,55,IJGeomanticWeaponEnchanting
MagicEnchBanish,EarthBonesGemSpirit,1.250000,56,IJGeomanticWeaponEnchanting
MagicEnchBanish,DLC1WeapMaterialDragonbone,1.250000,56,IJGeomanticWeaponEnchanting
MagicEnchBanish,WeapMaterialIron,1.200000,57,IJGeomanticWeaponEnchanting
MagicEnchBanish,WeapMaterialSteel,1.200000,57,IJGeomanticWeaponEnchanting
MagicEnchBanish,WeapMaterialImperial,1.200000,57,IJGeomanticWeaponEnchanting
MagicEnchBanish,WeapMaterialDraugr,1.200000,57,IJGeomanticWeaponEnchanting
MagicEnchBanish,WeapMaterialDraugrHoned,1.200000,57,IJGeomanticWeaponEnchanting
MagicEnchBanish,EarthBonesJewelryMartial,1.200000,57,IJGeomanticWeaponEnchanting
MagicEnchBanish,EarthBonesJewelryJovial,1.120000,58,IJGeomanticWeaponEnchanting
MagicEnchBanish,EarthBonesJewelryMercurial,1.120000,58,IJGeomanticWeaponEnchanting
MagicEnchBanish,WeapMaterialDwarven,1.120000,58,IJGeomanticWeaponEnchanting
MagicEnchBanish,EarthBonesGemEarth,1.200000,59,IJGeomanticWeaponEnchanting
MagicEnchBanish,WeapMaterialWood,1.200000,59,IJGeomanticWeaponEnchanting
MagicEnchBanish,WeapMaterialOrcish,1.150000,60,IJGeomanticWeaponEnchanting
MagicEnchBanish,EarthBonesJewelrySaturnian,1.150000,60,IJGeomanticWeaponEnchanting
MagicEnchBanish,EarthBonesJewelryMartialGreater,1.220000,61,IJGeomanticWeaponEnchanting
MagicEnchBanish,WeapMaterialEbony,1.220000,61,IJGeomanticWeaponEnchanting
MagicEnchBanish,EarthBonesGemWater,1.050000,62,IJGeomanticWeaponEnchanting
MagicEnchBanish,EarthBonesGemFire,1.050000,62,IJGeomanticWeaponEnchanting
MagicEnchBanish,EarthBonesGemSolar,1.160000,63,IJGeomanticWeaponEnchanting
MagicEnchBanish,EarthBonesJewelrySpirit,1.160000,63,IJGeomanticWeaponEnchanting
MagicInfluenceFear,EarthBonesJewelryLunar,1.180000,64,IJGeomanticWeaponEnchanting
MagicInfluenceFear,WeapMaterialSilver,1.180000,64,IJGeomanticWeaponEnchanting
MagicInfluenceFear,WeapMaterialEbony,1.200000,65,IJGeomanticWeaponEnchanting
MagicInfluenceFear,EarthBonesJewelryMartialGreater,1.200000,65,IJGeomanticWeaponEnchanting
MagicInfluenceFear,EarthBonesGemMartial,1.250000,66,IJGeomanticWeaponEnchanting
MagicInfluenceFear,EarthBonesGemLunar,1.120000,67,IJGeomanticWeaponEnchanting
MagicInfluenceFear,WeapMaterialElven,1.120000,67,IJGeomanticWeaponEnchanting
MagicInfluenceFear,EarthBonesGemWater,1.160000,68,IJGeomanticWeaponEnchanting
MagicInfluenceFear,EarthBonesGemSolar,0.300000,69,IJGeomanticWeaponEnchanting
MagicInfluenceFear,EarthBonesGemAir,0.300000,69,IJGeomanticWeaponEnchanting
MagicInfluenceFear,EarthBonesJewelrySpirit,1.140000,70,IJGeomanticWeaponEnchanting
MagicInfluenceFear,DLC1WeapMaterialDragonbone,1.140000,70,IJGeomanticWeaponEnchanting
MagicTurnUndead,EarthBonesJewelryLunar,1.200000,71,IJGeomanticWeaponEnchanting
MagicTurnUndead,WeapMaterialSilver,1.200000,71,IJGeomanticWeaponEnchanting
MagicTurnUndead,EarthBonesJewelrySolar,1.250000,72,IJGeomanticWeaponEnchanting
MagicTurnUndead,EarthBonesJewelrySpirit,1.200000,73,IJGeomanticWeaponEnchanting
MagicTurnUndead,WeapMaterialWood,1.200000,73,IJGeomanticWeaponEnchanting
MagicTurnUndead,WeapMaterialEbony,1.180000,74,IJGeomanticWeaponEnchanting
MagicTurnUndead,EarthBonesJewelryMartialGreater,1.180000,74,IJGeomanticWeaponEnchanting
MagicTurnUndead,EarthBonesGemSolar,1.180000,75,IJGeomanticWeaponEnchanting
MagicTurnUndead,EarthBonesGemFire,1.160000,76,IJGeomanticWeaponEnchanting
MagicTurnUndead,EarthBonesGemSpirit,1.250000,77,IJGeomanticWeaponEnchanting
MagicTurnUndead,DLC1WeapMaterialDragonbone,1.250000,77,IJGeomanticWeaponEnchanting
MagicTurnUndead,EarthBonesJewelryMercurial,0.450000,78,IJGeomanticWeaponEnchanting
MagicTurnUndead,WeapMaterialElven,0.450000,78,IJGeomanticWeaponEnchanting
MagicParalysis,EarthBonesGemEarth,1.200000,79,IJGeomanticWeaponEnchanting
MagicParalysis,WeapMaterialWood,1.300000,80,IJGeomanticWeaponEnchanting
MagicParalysis,EarthBonesJewelrySaturnian,1.150000,81,IJGeomanticWeaponEnchanting
MagicParalysis,WeapMaterialOrcish,1.150000,81,IJGeomanticWeaponEnchanting
MagicParalysis,EarthBonesGemWater,0.050000,82,IJGeomanticWeaponEnchanting
MagicEnchSoulTrap,EarthBonesGemSpirit,1.250000,83,IJGeomanticWeaponEnchanting
MagicEnchSoulTrap,DLC1WeapMaterialDragonbone,1.250000,83,IJGeomanticWeaponEnchanting
MagicEnchSoulTrap,WeapMaterialEbony,1.200000,84,IJGeomanticWeaponEnchanting
MagicEnchSoulTrap,WeapMaterialSilver,1.200000,84,IJGeomanticWeaponEnchanting
MagicEnchSoulTrap,EarthBonesJewelryMartialGreater,1.200000,84,IJGeomanticWeaponEnchanting
MagicEnchSoulTrap,EarthBonesJewelryMercurial,1.200000,84,IJGeomanticWeaponEnchanting
MagicEnchSoulTrap,EarthBonesJewelrySpirit,1.200000,84,IJGeomanticWeaponEnchanting
MagicEnchSoulTrap,WeapMaterialWood,1.200000,84,IJGeomanticWeaponEnchanting
MagicEnchSoulTrap,EarthBonesGemMartial,1.150000,85,IJGeomanticWeaponEnchanting
MagicEnchSoulTrap,EarthBonesJewelryMartial,1.150000,85,IJGeomanticWeaponEnchanting
MagicEnchSoulTrap,ArmorMaterialElvenGilded,1.150000,85,IJGeomanticWeaponEnchanting
MagicEnchSoulTrap,WeapMaterialIron,0.110000,86,IJGeomanticWeaponEnchanting
MagicEnchSoulTrap,WeapMaterialSteel,0.110000,86,IJGeomanticWeaponEnchanting
MagicEnchSoulTrap,WeapMaterialImperial,0.110000,86,IJGeomanticWeaponEnchanting
MagicEnchSoulTrap,WeapMaterialDraugr,0.110000,86,IJGeomanticWeaponEnchanting
MagicEnchSoulTrap,WeapMaterialDraugrHoned,0.110000,86,IJGeomanticWeaponEnchanting
MagicEnchSoulTrap,EarthBonesJewelryVenutian,0.260000,87,IJGeomanticWeaponEnchanting
MagicEnchSoulTrap,WeapMaterialElven,0.260000,87,IJGeomanticWeaponEnchanting
MagicEnchSoulTrap,WeapMaterialGlass,0.470000,88,IJGeomanticWeaponEnchanting
MagicEnchSoulTrap,EarthBonesJewelryVenutianGreater,0.470000,88,IJGeomanticWeaponEnchanting
MagicEnchSoulTrap,EarthBonesGemVenutian,0.220000,89,IJGeomanticWeaponEnchanting
MagicEnchSoulTrap,EarthBonesGemWater,0.050000,90,IJGeomanticWeaponEnchanting
MagicEnchDamageNord,WeapMaterialEbony,1.190000,91,IJGeomanticWeaponEnchanting
MagicEnchDamageNord,EarthBonesJewelryMartialGreater,1.190000,91,IJGeomanticWeaponEnchanting
MagicEnchDamageNord,EarthBonesJewelrySpirit,1.170000,92,IJGeomanticWeaponEnchanting
MagicEnchDamageNord,WeapMaterialWood,1.170000,92,IJGeomanticWeaponEnchanting
MagicEnchDamageNord,EarthBonesGemMartial,1.130000,93,IJGeomanticWeaponEnchanting
MagicEnchDamageNord,WeapMaterialOrcish,1.150000,94,IJGeomanticWeaponEnchanting
MagicEnchDamageNord,EarthBonesJewelrySaturnian,1.150000,94,IJGeomanticWeaponEnchanting
MagicEnchDamageNord,WeapMaterialIron,1.090000,95,IJGeomanticWeaponEnchanting
MagicEnchDamageNord,WeapMaterialDraugr,1.090000,95,IJGeomanticWeaponEnchanting
MagicEnchDamageNord,WeapMaterialDraugrHoned,1.090000,95,IJGeomanticWeaponEnchanting
MagicEnchDamageNord,WeapMaterialImperial,1.090000,95,IJGeomanticWeaponEnchanting
MagicEnchDamageNord,WeapMaterialSteel,1.090000,95,IJGeomanticWeaponEnchanting
MagicEnchDamageNord,EarthBonesJewelryMartial,1.090000,95,IJGeomanticWeaponEnchanting
MagicEnchDamageNord,EarthBonesGemEarth,1.200000,96,IJGeomanticWeaponEnchanting
MagicEnchDamageAnimal,EarthBonesJewelryLunar,1.150000,97,IJGeomanticWeaponEnchanting
MagicEnchDamageAnimal,WeapMaterialSilver,1.150000,97,IJGeomanticWeaponEnchanting
MagicEnchDamageAnimal,EarthBonesJewelryVenutianGreater,0.800000,98,IJGeomanticWeaponEnchanting
MagicEnchDamageAnimal,WeapMaterialGlass,0.800000,98,IJGeomanticWeaponEnchanting
MagicEnchDamageAnimal,EarthBonesGemVenutian,0.900000,99,IJGeomanticWeaponEnchanting
MagicEnchDamageAnimal,EarthBonesGemSpirit,1.100000,100,IJGeomanticWeaponEnchanting
MagicEnchDamageAnimal,DLC1WeapMaterialDragonbone,1.100000,100,IJGeomanticWeaponEnchanting
MagicEnchDamageAnimal,EarthBonesJewelrySpirit,1.200000,101,IJGeomanticWeaponEnchanting
MagicEnchDamageAnimal,WeapMaterialWood,1.200000,101,IJGeomanticWeaponEnchanting
MagicEnchDamageAnimal,EarthBonesJewelryMercurial,0.800000,102,IJGeomanticWeaponEnchanting
MagicDamageLunar,WeapMaterialSilver,1.300000,103,IJGeomanticWeaponEnchanting
MagicDamageLunar,EarthBonesJewelryLunar,1.300000,103,IJGeomanticWeaponEnchanting
MagicDamageLunar,EarthBonesGemLunar,1.250000,104,IJGeomanticWeaponEnchanting
MagicDamageLunar,WeapMaterialElven,1.250000,104,IJGeomanticWeaponEnchanting
MagicDamageLunar,EarthBonesJewelryVenutianGreater,1.150000,105,IJGeomanticWeaponEnchanting
MagicDamageLunar,WeapMaterialEbony,1.150000,105,IJGeomanticWeaponEnchanting
MagicDamageLunar,EarthBonesJewelryVenutian,1.120000,106,IJGeomanticWeaponEnchanting
MagicDamageLunar,WeapMaterialGlass,1.120000,106,IJGeomanticWeaponEnchanting
MagicDamageLunar,EarthBonesGemVenutian,1.080000,107,IJGeomanticWeaponEnchanting
MagicDamageLunar,EarthBonesGemWater,1.200000,108,IJGeomanticWeaponEnchanting
MagicDamageLunar,EarthBonesGemWaterLesser,1.100000,109,IJGeomanticWeaponEnchanting
MagicDamageLunar,EarthBonesJewelrySolar,0.190000,110,IJGeomanticWeaponEnchanting
MagicDamageLunar,EarthBonesJewelrySolarLesser,0.190000,110,IJGeomanticWeaponEnchanting
MagicDamageLunar,EarthBonesGemSolar,0.230000,111,IJGeomanticWeaponEnchanting
MagicDamageLunar,EarthBonesGemFire,0.260000,112,IJGeomanticWeaponEnchanting
MagicDamageLunar,EarthBonesGemFireLesser,0.560000,113,IJGeomanticWeaponEnchanting
MagicDamageLunar,EarthBonesJewelryJovial,0.650000,114,IJGeomanticWeaponEnchanting
MagicDamageLunar,WeapMaterialDwarven,0.650000,114,IJGeomanticWeaponEnchanting
MagicDamageFrost,WeapMaterialDaedric,1.150000,115,IJGeomanticWeaponEnchanting
MagicDamageFrost,EarthBonesJewelryDaedric,1.150000,115,IJGeomanticWeaponEnchanting
MagicDamageFire,WeapMaterialDaedric,1.150000,115,IJGeomanticWeaponEnchanting
MagicDamageFire,EarthBonesJewelryDaedric,1.150000,115,IJGeomanticWeaponEnchanting
MagicDamageShock,WeapMaterialDaedric,1.150000,115,IJGeomanticWeaponEnchanting
MagicDamageShock,EarthBonesJewelryDaedric,1.150000,115,IJGeomanticWeaponEnchanting
MagicEnchAbsorbHealth,WeapMaterialDaedric,1.150000,115,IJGeomanticWeaponEnchanting
MagicEnchAbsorbHealth,EarthBonesJewelryDaedric,1.150000,115,IJGeomanticWeaponEnchanting
MagicEnchAbsorbMagicka,WeapMaterialDaedric,1.150000,115,IJGeomanticWeaponEnchanting
MagicEnchAbsorbMagicka,EarthBonesJewelryDaedric,1.150000,115,IJGeomanticWeaponEnchanting
MagicEnchAbsorbStamina,WeapMaterialDaedric,1.150000,115,IJGeomanticWeaponEnchanting
MagicEnchAbsorbStamina,EarthBonesJewelryDaedric,1.150000,115,IJGeomanticWeaponEnchanting
MagicEnchDamageMagicka,WeapMaterialDaedric,1.150000,115,IJGeomanticWeaponEnchanting
MagicEnchDamageMagicka,EarthBonesJewelryDaedric,1.150000,115,IJGeomanticWeaponEnchanting
MagicEnchDamageNord,WeapMaterialDaedric,1.150000,115,IJGeomanticWeaponEnchanting
MagicEnchDamageNord,EarthBonesJewelryDaedric,1.150000,115,IJGeomanticWeaponEnchanting
MagicEnchDamageStamina,WeapMaterialDaedric,1.150000,115,IJGeomanticWeaponEnchanting
MagicEnchDamageStamina,EarthBonesJewelryDaedric,1.150000,115,IJGeomanticWeaponEnchanting
MagicEnchSoulTrap,WeapMaterialDaedric,1.150000,115,IJGeomanticWeaponEnchanting
MagicEnchSoulTrap,EarthBonesJewelryDaedric,1.150000,115,IJGeomanticWeaponEnchanting
MagicInfluenceFear,WeapMaterialDaedric,1.150000,115,IJGeomanticWeaponEnchanting
MagicInfluenceFear,EarthBonesJewelryDaedric,1.150000,115,IJGeomanticWeaponEnchanting
MagicParalysis,WeapMaterialDaedric,1.150000,115,IJGeomanticWeaponEnchanting
MagicParalysis,EarthBonesJewelryDaedric,1.150000,115,IJGeomanticWeaponEnchanting
MagicTurnUndead,WeapMaterialDaedric,1.150000,115,IJGeomanticWeaponEnchanting
MagicTurnUndead,EarthBonesJewelryDaedric,1.150000,115,IJGeomanticWeaponEnchanting
MagicEnchBanish,WeapMaterialDaedric,1.150000,115,IJGeomanticWeaponEnchanting
MagicEnchBanish,EarthBonesJewelryDaedric,1.150000,115,IJGeomanticWeaponEnchanting
